# HYG v3.8 stars with apparent magnitude <= 5; RA hours, Dec degrees, magnitude, pmRA/pmDec mas per year
0.02661600	-77.06572400	4.7800	-56.5200	-176.9500
0.03267200	-6.01407200	4.3700	46.6200	-41.3200
0.06233000	-17.33598800	4.5500	28.5700	-7.2800
0.07503300	-10.50952300	4.9900	-6.4900	-11.8800
0.08892800	-5.70761800	4.6100	-8.2900	88.1900
0.13979100	29.09043200	2.0700	135.6800	-162.9500
0.15288700	59.14978000	2.2800	523.3900	-180.4200
0.15683600	-45.74742600	3.8800	122.1500	-180.1300
0.18773900	-15.46797700	4.8900	-84.2000	-269.3100
0.22059800	15.18359600	2.8300	4.7000	-8.2400
0.24337800	20.20670200	4.7900	90.6600	1.8800
0.24400500	-18.93286600	4.4400	-27.1500	-73.7800
0.28486300	38.68163600	4.6100	-50.0100	-17.9000
0.30546300	36.78522400	4.5100	-66.5100	-42.4800
0.32379900	-8.82392100	3.5600	-14.3700	-37.8400
0.33414200	-64.87479100	4.2300	1707.5600	1165.3600
0.42791600	-77.25424700	2.8200	2220.1200	324.3700
0.43671600	-43.67982900	3.9300	106.1400	32.8300
0.43805600	-42.30598100	2.4000	232.7600	-353.6400
0.46547200	-33.00716700	4.8600	-20.4800	-50.3900
0.52359400	-48.80351400	4.7600	140.7400	19.4700
0.52572500	-62.95821800	4.3600	82.4800	-54.3700
0.52594600	-62.96556100	4.5300	87.9500	-45.7900
0.52953900	54.52228900	4.7400	40.7800	-14.8100
0.54999700	62.93178300	4.1700	3.9900	-2.1000
0.61468000	33.71934400	4.3400	15.2300	-3.5600
0.61618800	53.89690900	3.6900	17.7700	-9.1500
0.64260200	29.31175100	4.3400	-229.4100	-254.0800
0.65546200	30.86102400	3.2700	115.3800	-83.0500
0.67511600	56.53733100	2.2400	50.3600	-32.1700
0.68876600	-46.08500700	4.5900	-28.9200	1.0400
0.70108100	50.51252600	4.8000	12.3200	-6.4800
0.72256700	-57.46306000	4.3600	-5.1600	15.5000
0.72446600	47.02454600	4.9500	-24.5200	-37.1600
0.72649000	-17.98660500	2.0400	232.7900	32.7100
0.73650000	-10.60955000	4.7700	-6.9600	-113.8800
0.74542000	48.28436400	4.4800	17.7900	-7.6200
0.78898100	24.26717800	4.0800	-101.2300	-81.8900
0.81137300	7.58507900	4.4400	83.1400	-50.4800
0.81389200	50.96816800	4.9000	30.2800	-9.8200
0.81826000	57.81518700	3.4600	1087.1100	-559.6500
0.83023400	41.07891100	4.5300	22.6800	-18.0500
0.88347100	-1.14426000	4.7800	6.4900	-16.2900
0.88451100	61.12397000	4.8000	-68.4500	169.7200
0.91671500	58.97269800	4.8300	-32.2400	-40.6900
0.94443200	59.18105600	4.6200	-92.5600	-45.3300
0.94514300	60.71674000	2.1500	25.6500	-3.8200
0.94588500	38.49934500	3.8600	152.7800	36.8200
0.95344500	23.41764800	4.4000	-43.7200	-46.0600
0.97676600	-29.35744900	4.3000	22.4400	6.3000
1.04905800	7.89013500	4.2700	-80.5700	25.8800
1.10140700	-46.71841400	3.3200	-70.1600	31.6000
1.13974200	-55.24576000	3.9400	21.1700	29.7000
1.14316400	-10.18226400	3.4600	215.8100	-138.3300
1.14561300	86.25709000	4.2400	80.3400	-11.3600
1.15836800	47.24179200	4.2600	3.8100	-13.0200
1.16219400	35.62055800	2.0700	175.5900	-112.2300
1.18501700	55.14990100	4.3400	226.6200	-19.3400
1.19089400	21.03465000	4.6600	41.6600	-10.5500
1.19434200	30.08963800	4.5100	74.2900	-37.6100
1.22915200	24.58371300	4.6700	18.5800	-21.2600
1.25304300	-45.53166400	4.9700	664.4700	178.1200
1.26270400	-68.87592700	4.2500	411.1100	127.4300
1.32444300	27.26405900	4.7400	26.2100	-11.6200
1.33469900	58.23161100	4.9500	-1.3100	-2.1900
1.37233700	45.52877800	4.8700	32.2100	8.7300
1.40039000	-8.18325700	3.6000	-78.3800	-206.8800
1.42700900	-14.59879600	4.9000	42.5400	-17.2500
1.43021600	60.23528300	2.6600	297.2400	-49.4900
1.43220800	68.13001200	4.7200	75.0700	26.8200
1.46091500	45.40668700	4.8300	356.9900	-109.3200
1.47275900	-43.31823400	3.4100	-18.2100	-207.7100
1.50308700	6.14382000	4.8400	293.2300	-46.3600
1.52085100	-49.07270200	3.9300	138.2200	154.2000
1.52472500	15.34582300	3.6200	25.7300	-3.2900
1.56552800	59.23204000	4.6800	-43.0600	-23.1800
1.61329900	41.40545900	4.1000	-172.5700	-381.0100
1.62855600	-57.23675700	0.4500	88.0200	-40.0800
1.63320500	48.62821300	3.5900	60.9000	-112.4200
1.67633700	40.57704900	4.9600	16.6700	-23.5000
1.69052600	5.48761300	4.4500	-22.7300	3.6100
1.69638300	42.61336900	4.9600	791.3500	-180.1600
1.71208600	-3.69020000	4.9800	-11.6700	-34.3800
1.72767500	50.68873200	4.0100	24.0800	-13.5900
1.73447900	-15.93748000	3.4900	-1721.8200	854.0700
1.75656400	9.15773600	4.2600	70.8200	38.9900
1.82641800	-10.68641000	4.6600	-148.9000	-94.4700
1.85767600	-10.33503800	3.7400	38.7800	-38.0400
1.88469600	29.57882900	3.4200	12.0200	-233.6900
1.89217000	19.29385200	3.8800	79.4300	-99.1000
1.89259700	3.18753600	4.6100	23.6900	23.9000
1.89410200	-46.30266900	4.3900	-92.3800	-91.4600
1.90658400	63.67010100	3.3500	31.9800	-18.6600
1.91066800	20.80803500	2.6400	96.3200	-108.8000
1.91557200	-67.64730300	4.6800	76.0000	73.1700
1.93256400	-51.60889600	3.6900	681.2400	284.2300
1.93333700	68.68524200	4.9700	13.8200	-9.7300
1.94449900	-22.52678500	4.9200	62.2200	-30.1900
1.95279200	-47.38527700	4.8200	101.6500	8.7900
1.96547800	23.59606100	4.7900	-91.5100	-14.4500
1.97945100	-61.56985900	2.8600	262.5400	26.8800
2.00008400	-21.07783100	3.9900	133.0100	-24.5300
2.03264400	70.90702000	4.4900	-54.4600	-10.6900
2.03411700	2.76375900	3.8200	33.2900	-0.4200
2.03835900	54.48754100	4.9900	33.7900	-3.4000
2.05726800	72.42129400	3.9500	-44.0000	22.5100
2.06498400	42.32972500	2.1000	43.0800	-50.8500
2.07484400	-29.29681900	4.6800	12.5600	8.5400
2.11955500	23.46242300	2.0100	190.7300	-145.7700
2.14145400	37.85907700	4.7800	154.2200	-43.6400
2.15703600	25.93989200	4.9800	77.5000	-33.1000
2.15905800	34.98729700	3.0000	148.7800	-39.1300
2.20619100	30.30306700	4.9400	-64.5900	-61.0700
2.21666500	8.84671700	4.3600	-26.2300	-14.4000
2.22036900	44.23165200	4.8400	-20.5800	-15.2500
2.27515400	-51.51216500	3.5600	90.7500	-21.9000
2.28419100	34.22423100	4.8400	1151.6100	-246.3200
2.28857300	33.84719400	4.0300	44.9100	-52.4200
2.36249800	-68.65941800	4.0800	-50.0700	2.3800
2.42706000	50.27863100	4.7300	23.7900	-14.3500
2.43250100	-12.29048000	4.8800	-11.7100	-11.3700
2.44975500	-47.70384000	4.2400	19.9700	-5.4400
2.46931700	8.46005400	4.3000	41.7200	-14.4600
2.48443700	67.40247400	4.4600	-27.9200	37.0600
2.52975000	89.26410900	1.9700	44.2200	-11.7400
2.53478600	-15.24467700	4.7400	-80.9200	-146.8400
2.56408500	-28.23234300	4.9600	-12.6900	-1.4000
2.59790900	5.59324600	4.8700	-28.8900	-22.7600
2.65804400	0.32851100	4.0800	14.4400	-2.5300
2.65939800	-11.87215600	4.8300	172.0100	-236.3100
2.65979900	-68.26694600	4.1200	87.4000	0.5600
2.66332600	-42.89167000	4.7400	92.1100	-15.0700
2.67778100	-39.85537500	4.1100	135.1700	-27.3400
2.70414400	40.19394400	4.9100	-16.8400	-182.2900
2.72167800	3.23581800	3.4700	-146.4300	-145.2700
2.72419800	27.70714600	4.6500	3.5100	-9.9700
2.73537500	-13.85869600	4.2400	-7.5800	-8.4000
2.73663400	49.22844800	4.1000	334.0300	-89.9600
2.74903900	10.11414600	4.2700	285.1700	-30.4000
2.75171500	-18.57256300	4.4700	330.9300	36.2800
2.75904800	-67.61661700	4.8300	66.5000	44.0200
2.79848000	29.24711800	4.5200	148.4200	-125.7600
2.81816900	-32.40589800	4.4500	86.9600	158.9600
2.83306300	27.26050700	3.6100	65.4700	-116.5900
2.84125500	-75.06694700	4.7600	-33.9500	-27.1800
2.84306300	38.31864400	4.2200	195.6800	-108.9200
2.84494500	55.89549600	3.7700	16.6400	-13.7600
2.85064500	-21.00401900	4.7600	-39.0000	-16.6300
2.85856600	35.05974100	4.5600	9.2900	-63.0200
2.90429500	52.76247900	3.9300	-1.9900	-4.5300
2.94045800	-8.89814400	3.8900	77.7300	-219.9900
2.97102300	-40.30467200	2.8800	-53.5300	25.7100
2.97935200	39.66272800	4.6800	25.8800	-40.6700
2.97993900	-64.07128400	4.9800	22.9600	5.3900
2.98435600	35.18312800	4.9400	-46.4900	5.8100
2.98686800	21.34042900	4.6300	-13.0400	-6.5500
2.99525000	8.90736500	4.7100	9.2200	-14.9200
3.03799200	4.08973400	2.5400	-11.8100	-78.7600
3.03986300	-23.62447200	4.0800	-145.9600	-55.7600
3.07994200	53.50644000	2.9100	0.5000	-4.1900
3.08627000	38.84027400	3.3200	128.6900	-106.6100
3.09233800	56.70571900	4.7700	-13.4900	70.3400
3.13614800	40.95564800	2.0900	2.3900	-1.4400
3.15100500	49.61327800	4.0500	1262.2900	-91.5300
3.15825800	44.85754400	3.7900	173.0100	-142.0500
3.18816300	39.61158200	4.6100	-26.2100	4.7800
3.19382200	19.72667700	4.3500	154.6100	-8.3900
3.19895700	74.39365900	4.8500	14.4600	-86.2100
3.20124900	-28.98761800	3.8000	371.4900	612.2600
3.24836000	21.04444100	4.8700	-29.8300	-77.1500
3.26389600	-8.81973000	4.8000	-3.8200	45.5200
3.30614000	-22.51111800	4.8600	12.5500	13.0700
3.31217400	34.22265300	4.8500	1.2900	-8.6800
3.32269300	3.37019800	4.8400	268.8800	93.5300
3.32527800	-21.75786400	3.7000	51.3500	32.2000
3.33194400	-43.06978400	4.2600	3038.0800	726.3400
3.33312900	65.65229200	4.7400	11.2700	-14.3200
3.33898900	29.04845800	4.4700	-8.2100	-16.4200
3.35738100	43.32965100	4.9600	-60.4300	-0.3800
3.40537800	49.86118000	1.7900	24.1100	-26.0100
3.41355400	9.02887000	3.6100	-74.2500	-80.3100
3.45282000	9.73268000	3.7300	53.6100	-38.1200
3.46751700	49.06286600	4.9900	21.9400	-26.8300
3.48448200	59.94033000	4.2100	-0.8200	-1.8500
3.48945600	49.50894800	4.6700	22.1600	-29.1800
3.48955800	-62.93752700	4.7100	383.0500	373.1100
3.49854000	58.87875000	4.5500	-1.9400	-1.1400
3.50957900	47.99521600	4.3600	1.5600	18.1300
3.51029400	-5.07514500	4.7400	13.3100	7.3400
3.51454900	12.93667800	4.1400	18.9400	-1.5500
3.54884800	-9.45826200	3.7200	-976.4400	17.9700
3.56313200	-21.63288300	4.2600	44.9100	-27.4700
3.60815900	48.19263400	4.3200	21.4100	-27.5800
3.61455100	0.40166200	4.2900	-232.6900	-482.0000
3.61824400	-40.27454500	4.5700	2.7700	-14.2300
3.70413900	-31.93836100	4.9900	5.1600	14.2300
3.70629100	33.96502600	4.9700	4.3900	-5.2100
3.71390800	-37.31351800	4.5900	-90.8100	-71.4200
3.71541600	47.78755100	3.0100	23.8300	-41.9300
3.72080600	-9.76339500	3.5200	-91.7100	742.2300
3.73659300	-64.80690300	3.8400	308.3900	78.7200
3.73864800	32.28824800	3.8400	8.1100	-10.3200
3.74792700	24.11333900	3.7200	21.5500	-44.9200
3.75323200	42.57854900	3.7700	-14.5900	1.7500
3.75347000	24.46727800	4.3000	19.3500	-41.6300
3.76377900	24.36774800	3.8700	21.0900	-45.0300
3.76731400	63.34504700	4.7800	-0.9400	-8.4100
3.76903700	-12.10158900	4.4300	55.5900	60.0300
3.77210400	23.94835800	4.1400	21.1700	-42.6700
3.78080400	-23.24972300	4.2200	-159.8600	-528.5400
3.78729500	-74.23896200	3.2600	51.0700	115.2700
3.79141000	24.10513700	2.8500	19.3500	-43.1100
3.80996300	-37.62015500	4.3000	75.8300	-10.6900
3.81937300	24.05341500	3.6200	17.7700	-44.7000
3.82423700	-36.20025000	4.1700	-49.4200	-56.6300
3.82535700	65.52597200	4.3900	-2.5000	-13.9800
3.83930200	71.33226600	4.5900	18.2700	-42.0000
3.89519500	-24.61223000	4.6400	30.9300	-7.1800
3.90220000	31.88363500	2.8400	4.4100	-9.1500
3.90486200	-2.95473000	4.4600	26.4200	1.4900
3.95230300	61.10888300	4.9900	-3.4000	-14.0600
3.95706700	63.07226400	4.9500	7.5800	6.0100
3.96423000	40.01021500	2.9000	12.6100	-24.0600
3.96715700	-13.50851500	2.9700	60.5100	-111.3400
3.97909500	-61.40018500	4.5600	9.7900	-14.3900
3.98275000	35.79103300	3.9800	1.9200	2.3000
3.99874500	-24.01621500	4.6200	11.4100	17.0800
4.01133800	12.49034700	3.4100	-8.1500	-11.9800
4.01494600	-62.15928400	4.4800	1.8000	34.9500
4.02169700	-61.07882200	4.9700	66.6600	94.5100
4.05260600	5.98930500	3.9100	5.5200	-1.6300
4.07421200	59.15550700	5.0000	-1.7900	-0.3800
4.07825300	22.08192600	4.3600	91.7300	-58.5200
4.10973500	50.35126200	4.2500	-13.0300	-36.3700
4.14435700	47.71251300	3.9600	20.1900	-33.2600
4.18070800	-41.99357300	4.9300	199.0900	69.1000
4.19776100	-6.83758100	4.0400	11.9200	81.2800
4.23232900	9.26382400	4.8400	-9.4200	-30.6000
4.23336300	-42.29436800	3.8500	41.8900	-203.6500
4.23991400	-10.25628300	4.8700	-7.6100	-162.1100
4.24040400	-62.47385800	3.3300	41.6400	49.7200
4.24814300	40.48367100	4.6700	9.7200	-21.5800
4.24829500	48.40933100	4.1200	5.0400	-17.3500
4.25453700	-7.65287100	4.4300	-2239.3300	-3419.8600
4.25890500	8.89235700	4.2700	20.3900	-21.7500
4.26709700	-51.48664800	4.2600	100.5700	184.2300
4.27473800	-59.30215600	4.4400	-47.9900	-167.8100
4.28768400	20.57859100	4.9300	-40.8800	-61.4500
4.29823700	-33.79834800	3.5500	62.3100	-6.7500
4.30405600	50.29550200	4.6000	46.5900	-56.4300
4.32988900	15.62764200	3.6500	115.2900	-23.8600
4.33922700	27.35075400	4.9700	-29.0400	-76.9700
4.34017800	34.56672500	4.9300	-24.9500	-7.0000
4.35921100	46.49887800	4.8000	21.4100	-34.9700
4.38224700	17.54251400	3.7700	107.7500	-28.8400
4.40061300	-34.01684600	3.9700	73.7700	57.5700
4.40159900	17.44413000	4.8000	109.9900	-33.4700
4.42282200	22.29387400	4.2100	105.4900	-44.1400
4.42482800	17.92791000	4.3000	108.2600	-32.4700
4.43846100	22.81358300	4.2800	108.6600	-45.8300
4.43909400	15.61826500	4.4800	114.6600	-33.3000
4.44343700	14.71378200	4.6900	-7.5700	-31.1500
4.47399200	16.35967200	4.9600	8.1200	17.7900
4.47624800	15.96218100	3.8400	104.7600	-15.0100
4.47694300	19.18043100	3.5300	107.2300	-36.7700
4.47770500	15.87088300	3.4000	108.6600	-26.3900
4.50934200	16.19401400	4.7800	104.9800	-25.1400
4.53129600	-0.04401100	4.9100	-3.7600	-8.1700
4.55849000	-29.76649200	4.4900	-114.3500	-271.5600
4.56414300	14.84442400	4.6500	103.6900	-25.9400
4.56659800	-55.04497500	3.3000	58.0600	12.7300
4.59251200	-30.56234100	3.8100	-48.9200	-12.7500
4.59423900	10.16079000	4.2500	44.8900	-52.4200
4.59867700	16.50930100	0.8700	62.7800	-189.3600
4.60531700	-3.35245900	3.9300	1.7300	-4.5400
4.61150800	41.26480800	4.2500	-5.4200	-19.1900
4.63596100	12.51083800	4.2700	101.7300	-14.9000
4.63634000	-14.30402000	3.8600	-77.8600	-178.0600
4.64821000	-12.12312100	4.9900	-65.1000	-17.6800
4.65458300	15.91797700	4.6700	82.4000	-19.5300
4.67403100	-19.67149300	4.3200	28.2100	-97.0900
4.67603900	-41.86375200	4.4400	-141.1800	-74.9500
4.70408400	22.95692600	4.2700	-2.8400	-20.3300
4.75837500	-3.25465700	4.0100	17.2700	-13.5100
4.83066900	6.96127600	3.1900	463.4400	11.6200
4.83184600	37.48827500	4.8900	-38.4000	38.4800
4.84353400	8.90017600	4.3500	-0.8700	-31.5700
4.85343400	5.60510400	3.6800	-3.6200	1.0300
4.87554500	14.25064200	4.7100	-2.6200	-56.1300
4.87721800	36.70318700	4.7900	-25.9700	-3.8900
4.88157500	-5.45269500	4.3600	-18.0100	25.0300
4.90083600	66.34267800	4.2600	0.4900	7.3100
4.90419300	2.44067200	3.7100	1.4300	0.2300
4.91492400	10.15083300	4.6400	40.0800	-128.3700
4.93952100	13.51446600	4.0600	-77.7700	-45.9700
4.94989400	33.16609000	2.6900	3.6300	-18.5400
4.95478000	53.75210100	4.4300	-24.1700	7.5300
4.97580600	1.71401600	4.4700	-1.5900	-7.9300
4.98761200	37.89024500	4.9300	46.2600	-97.8100
4.99881600	-12.53741600	4.7800	40.3700	-86.8900
5.02377200	-20.05191800	4.9100	36.6800	-15.4700
5.02398500	-7.17396500	4.8000	-0.2300	5.1600
5.03281500	43.82330800	3.0300	0.1800	-2.3100
5.04130100	41.07583700	3.6900	8.8800	-21.4300
5.05159600	21.58996200	4.6200	68.9400	-40.8500
5.05697000	60.44224500	4.0300	-6.1100	-14.7800
5.07344000	-35.48297800	4.5500	126.1700	-44.3600
5.07615300	15.40410500	4.6500	18.4000	-30.9900
5.09101800	-22.37103200	3.1900	19.2700	-72.3500
5.09185300	-57.47270400	4.7100	-31.8700	117.4200
5.10858000	41.23447400	3.1800	30.6000	-68.4100
5.11128900	51.59772000	4.9800	-29.3100	-173.9500
5.12416400	18.64505200	4.9100	536.0500	18.5100
5.13082900	-5.08644600	2.7800	-83.3900	-75.4400
5.15244000	-8.75408100	4.2500	0.0000	-2.0100
5.16165400	15.59723200	4.8100	-7.1200	-16.1400
5.20497300	-11.86921900	4.4500	24.9500	-31.2200
5.21552800	-16.20546800	3.2900	45.6600	-16.1300
5.22052200	-12.94129100	4.3600	-12.2200	-1.3200
5.22152300	2.86126500	4.4600	3.0500	4.9400
5.22381100	38.48449800	4.8200	-18.6600	-72.4100
5.22928800	-67.18525500	4.8100	18.1800	38.9600
5.24229800	-8.20164000	0.1800	1.8700	-0.5600
5.27815000	45.99799100	0.0800	75.5200	-427.1300
5.29141100	-34.89520700	4.8100	93.7100	-336.5300
5.29344200	-6.84440900	3.5900	-15.3100	-9.5700
5.30293500	33.37161300	4.5400	29.8600	-160.9800
5.31899500	40.09905100	4.6900	519.3900	-664.7900
5.32127800	22.09649400	4.9600	19.6200	-81.0800
5.32625700	-13.17678800	4.2900	-2.4900	-4.7400
5.34081100	-21.23976300	4.7000	10.7800	-9.9100
5.36270800	-0.38246500	4.7200	0.4500	1.6700
5.38055600	3.54445200	4.9900	-2.0000	1.8000
5.39911900	-7.80806500	4.1300	-13.9100	-44.8000
5.40707100	17.38353400	5.0000	250.4000	-7.4200
5.40794900	-2.39714600	3.3500	-0.5400	-3.2100
5.41245200	1.84644500	4.8900	0.1200	-0.6000
5.41885100	6.34970200	1.6400	-8.7500	-13.2800
5.43819800	28.60745000	1.6500	23.2800	-174.2200
5.44728600	3.09567400	4.5900	0.3400	-1.1100
5.46057900	21.93696500	4.8800	1.7500	-6.9600
5.47075600	-20.75944100	2.8100	-5.0300	-85.9200
5.49555000	-1.09223900	4.7100	0.1900	-26.0800
5.51307000	5.94813900	4.2000	6.5700	-32.4500
5.52020900	-35.47051900	3.8600	28.3600	-34.1100
5.53218300	-7.30153700	4.6200	-0.5400	-4.4400
5.53344500	-0.29909200	2.2500	1.6700	0.5600
5.53687500	18.59423400	4.3200	-0.3400	-4.5100
5.54546500	32.19202200	4.7100	-1.8100	-4.0000
5.54550400	-17.82228900	2.5800	3.2700	1.5400
5.56042100	-62.48982500	3.7600	1.0600	12.5600
5.58034400	9.48957900	4.3900	-1.2400	-2.4900
5.58407800	-6.00202700	4.7800	0.5900	0.6800
5.58563300	9.93415800	3.3900	-1.0300	-1.8600
5.58772800	-5.38731500	4.9800	-0.9200	0.1300
5.58969500	-5.41606000	4.9800	1.6800	1.5000
5.58976800	-4.83835800	4.5800	4.2900	-7.1500
5.59055100	-5.90990100	2.7500	2.2700	-0.6200
5.60355900	-1.20192000	1.6900	1.4900	-1.0600
5.61510800	9.29067300	4.0900	96.8400	-304.1800
5.62741300	21.14254900	2.9700	2.3900	-18.0400
5.64576900	-2.60006900	3.7700	4.6100	-0.4000
5.64807900	-7.21282900	4.7700	-15.0000	-49.5500
5.65309600	4.12146700	4.5000	0.7600	0.0700
5.66081700	-34.07410800	2.6500	-0.1000	-24.0500
5.67931300	-1.94257200	1.7400	3.9900	2.5400
5.68075400	-1.12878700	4.9500	-1.8500	-0.6800
5.68825500	16.53414800	4.8400	5.4200	-14.5400
5.70795300	1.47462900	4.9000	-55.3400	-14.8500
5.74105700	-22.44838200	3.5900	-292.4200	-368.4500
5.74622300	-65.73552600	4.3400	-28.3800	6.1200
5.78259500	-14.82195000	3.5500	-14.8400	-1.1800
5.78807900	-51.06651400	3.8500	4.6500	81.9600
5.79594100	-9.66960500	2.0700	1.5500	-1.2000
5.81693500	24.56753500	4.8800	12.0700	-8.1600
5.81956700	39.18107100	4.5100	-28.4200	-25.5500
5.82581400	12.65132400	4.8900	-21.6300	-17.3500
5.83045100	-56.16666300	4.5000	81.6100	-71.7700
5.84932900	-35.76830900	3.1200	55.7400	404.6800
5.85067500	37.30557300	4.7200	36.9600	-44.7600
5.85535700	-20.87908900	3.7600	228.9600	-647.9600
5.85816600	39.14848000	3.9700	8.4800	0.3900
5.87401100	1.85513400	4.7600	-7.0900	-9.9100
5.88524500	-33.80136100	4.8800	-4.5200	32.4000
5.88879000	27.61226200	4.5600	3.8200	-9.5800
5.90165800	-63.08962700	4.6500	120.1100	573.4300
5.90638600	20.27617400	4.3900	-163.1700	-98.9200
5.91410700	55.70694700	4.9600	-3.6500	17.2000
5.91952900	7.40706300	0.4500	27.3300	10.8600
5.92497500	-37.12066800	4.9700	36.6500	-24.0800
5.94008200	-14.16770000	3.7100	-42.2300	139.0200
5.95894700	-35.28328000	4.3600	-2.6500	11.1900
5.96657100	25.95391200	4.8100	-2.8500	-1.6900
5.98577800	-42.81513500	3.9600	18.5300	-11.4500
5.99211100	54.28465600	3.7200	86.3100	-134.0500
5.99214900	44.94743300	1.9000	-56.4100	-0.8800
5.99535100	37.21258500	2.6500	42.0900	-73.6100
5.99891700	45.93673600	4.3000	-2.4200	-7.3200
6.00093000	-3.07425300	4.5300	6.8700	-72.7100
6.03067300	-10.59793000	4.9200	-6.8800	3.5900
6.03972200	9.64727600	4.1200	14.1900	-37.4400
6.06532900	20.13845200	4.6400	2.1900	-2.8100
6.06867100	23.26334100	4.1600	-2.6000	-119.7200
6.08309100	-16.48443500	4.9200	-5.5700	-3.1700
6.10259000	-14.93525400	4.6700	-16.8700	13.1600
6.12545300	-37.25292000	5.0000	0.9000	0.3000
6.12620100	14.76847200	4.4200	4.9500	-21.1800
6.17164200	-54.96864500	4.7200	-4.1100	6.5300
6.19899900	14.20876500	4.4500	-1.5900	-20.2300
6.20091100	16.13040600	4.9500	5.5700	-16.7700
6.24759200	-6.27477600	3.9900	-6.1800	-20.0600
6.24796100	22.50679900	3.3100	-62.5300	-10.2400
6.25630400	29.49807600	4.3200	-70.9000	-261.7300
6.26246800	-13.71841400	5.0000	12.2600	-11.0800
6.27587100	-35.14051900	4.3700	0.3900	87.5800
6.31410500	69.31978700	4.7600	-1.6400	-101.6500
6.32705200	59.01096400	4.4400	-3.5100	24.4300
6.33322200	-2.94449300	4.9100	-7.3100	-1.0000
6.33855300	-30.06336700	3.0200	8.0000	3.8100
6.36856400	-33.43640000	3.8500	-24.1900	-52.4800
6.37832900	-17.95591800	1.9800	-3.4500	-0.4700
6.38267300	22.51358600	2.8700	56.8400	-108.7900
6.39613500	4.59286500	4.3900	-20.8800	10.7500
6.39919500	-52.69566000	-0.6200	19.9900	23.6700
6.41497300	49.28789300	4.9200	0.8200	-2.4800
6.46950300	-32.58007000	4.4700	-13.7800	24.2400
6.48029700	-7.03306200	3.7600	-7.0000	-4.9700
6.48271900	20.21213300	4.1300	-5.9800	-14.0800
6.53093500	-23.41842200	4.3400	-2.7200	6.4500
6.54839600	7.33296500	4.4700	-3.8900	-5.8000
6.58294000	-52.97560700	4.3500	-7.6500	11.3300
6.58427400	-22.96479300	4.5400	13.1100	16.5200
6.61139900	-19.25587900	3.9500	62.3200	-69.9100
6.62852800	16.39925200	1.9300	-2.0400	-66.9200
6.62935300	-43.19593400	3.1700	-0.4300	-3.9900
6.63150600	-18.23747800	4.4200	-6.8600	-8.4700
6.65464400	-14.14576400	4.8200	4.5800	-7.0000
6.65550700	42.48887700	4.8000	-0.9700	-55.6500
6.68296100	9.89575400	4.6600	-0.6600	-2.5100
6.73220200	25.13112400	3.0600	-5.9300	-12.8100
6.73313700	13.22801700	4.4900	-2.2900	-51.8000
6.75248100	-16.71611600	-1.4400	-546.0100	-1223.0800
6.75482400	12.89559100	3.3500	-115.1600	-190.9100
6.77059500	59.44167000	4.8600	-18.1100	-8.6700
6.78884200	8.03725400	4.7700	-23.3400	-11.8400
6.79768000	2.41215900	4.4800	-12.9700	-12.3600
6.80319400	-61.94139100	3.2400	-68.3900	242.0300
6.83068300	-32.50847800	3.5000	-9.1800	4.0400
6.83092100	-53.62244900	4.4100	-2.2700	17.5700
6.83226600	-50.61456000	2.9400	34.2300	-65.8500
6.84609700	41.78123000	4.9900	-23.9400	-138.0200
6.84787600	-34.36731800	4.9900	4.5200	0.8500
6.87981600	33.96125400	3.6000	-2.6600	-47.6700
6.89247400	-20.22425400	4.8200	-5.1400	4.0700
6.90220900	-24.18421100	3.8900	-3.4600	5.0200
6.90316700	-12.03862800	4.0800	-139.0400	-14.4700
6.91073200	13.17782700	4.7300	70.1900	-77.7900
6.92706400	-20.13649700	4.6600	51.3500	39.7500
6.93517900	-14.04343000	5.0000	-1.7000	6.8900
6.93561800	-17.05424200	4.3600	-2.4600	1.9100
6.93777500	-48.72114400	4.9400	1.5700	8.4000
6.95461200	58.42275900	4.3500	6.5800	-123.5300
6.96030900	45.09409400	4.9000	-21.6700	-3.1800
6.97709700	-28.97208400	1.5000	2.6300	2.2900
7.00108100	76.97740800	4.5500	73.1800	-13.8800
7.02865200	-27.93483000	3.4900	-6.0100	4.6400
7.04854900	-4.23923100	4.9900	-4.7300	2.8100
7.05040900	-23.83329100	3.0200	-1.5600	4.2800
7.06263700	-15.63328600	4.1100	-0.8100	-11.2000
7.06489600	-49.58392000	4.9200	-53.6900	139.0000
7.06848100	20.57029700	4.0100	-5.7200	-0.9600
7.13985700	-26.39320000	1.8300	-2.7500	3.3300
7.14578800	-70.49893200	3.7800	23.7100	108.0600
7.14751900	-39.65565700	4.8300	-10.9700	7.0100
7.17046700	-4.23710600	4.9100	0.0000	217.8500
7.18565900	30.24516300	4.4100	-31.0000	-48.4000
7.19425500	39.32054900	4.9100	44.1700	2.0900
7.19773900	-0.49276400	4.1500	-0.2200	6.6800
7.20935000	-46.75930500	4.4900	-135.6000	106.7900
7.22037700	-45.18273900	4.8700	-24.8400	-88.2400
7.22563700	-44.63973900	4.4200	107.1200	325.3200
7.23755900	-26.35250700	4.4200	-6.5800	3.8900
7.24392800	-48.27192700	4.7500	-4.1800	0.6300
7.24684900	-26.77266700	4.0100	-11.5000	7.6700
7.27638700	-27.88117900	4.6600	-12.4800	38.8300
7.27689800	-23.31559400	4.8300	-4.9100	3.0100
7.28050800	-67.95715200	3.9700	-4.1100	8.5000
7.28571100	-37.09747000	2.7100	-10.5700	7.0000
7.30155000	16.54038300	3.5800	-46.0900	-37.9000
7.30511000	-36.73396200	4.6500	-11.2900	1.8500
7.30888300	49.46475600	5.0000	-1.3600	3.9100
7.31121600	-24.55870100	4.8800	-2.8400	2.6800
7.31180200	-24.95437500	4.3700	-1.8200	3.7400
7.33538300	21.98232000	3.5000	-18.7200	-7.7600
7.37042500	-19.01660000	4.9400	-1.6600	-6.4300
7.40158400	-29.30310400	2.4500	-3.7600	6.6600
7.42747100	9.27609700	4.9900	-2.9500	-8.6500
7.42877900	27.79808000	3.7800	-121.2800	-84.4300
7.44523700	49.21152700	4.6100	-10.7900	-48.5700
7.45251200	8.28931500	2.8900	-50.2800	-38.4500
7.46938700	8.92553000	4.3300	-59.2900	10.7600
7.48519500	31.78455000	4.1600	159.3300	193.8200
7.48717900	-43.30143200	3.2500	-59.8600	188.7300
7.49660600	12.00656400	4.5500	1.2600	-19.2600
7.49761500	-23.02428700	4.8500	-2.6500	4.9400
7.51183400	-30.96228100	4.6500	-11.7400	0.8400
7.51791100	82.41146600	4.9200	-3.7100	-42.3100
7.56332300	-14.52389200	4.8200	-7.7300	3.6200
7.56755100	-22.29606700	4.4400	-40.3800	46.8400
7.57663400	31.88827600	1.5800	-206.3300	-148.1800
7.58969400	-28.36932300	4.6500	-66.9000	-18.7100
7.59436500	-52.53383600	4.9300	23.4400	-11.5700
7.59870800	26.89574100	4.0600	-39.5800	-108.0800
7.62280900	-34.96853000	4.5300	-13.6500	16.5300
7.63834600	-25.36480400	4.6900	-2.2800	-6.7000
7.64718600	-26.80383600	3.8000	-17.0000	23.0800
7.65276000	34.58434600	4.8900	-35.9700	-118.0300
7.65503300	5.22499300	0.4000	-716.5700	-1034.5800
7.65759500	-38.30802100	4.8400	-21.3500	16.0300
7.67311400	-15.26392000	4.9800	-2.2700	-28.0400
7.68745400	-9.55113100	3.9400	-74.8000	-19.6400
7.69700400	-72.60609800	3.9300	33.3800	15.2900
7.71678800	58.71036000	4.9300	-36.9900	-52.1100
7.72186700	28.88351000	4.2300	61.8400	-231.2600
7.72566300	-28.41088500	4.6300	-13.6200	29.7900
7.73013000	-28.95482600	3.9400	-4.5700	3.8800
7.74079300	24.39799300	3.5700	-22.4500	-56.2400
7.75424900	-37.96858400	3.6200	-10.7700	5.9700
7.75527700	28.02619900	1.1600	-625.6900	-45.9500
7.76873600	18.51004300	4.8900	-75.5500	-51.5300
7.80143600	-25.93716900	4.4000	-10.2200	4.9200
7.80560800	-47.07772200	4.6900	-101.3100	-78.3800
7.82063800	-46.37320500	4.1000	-4.6200	9.0400
7.82157100	-24.85978600	3.3400	-5.5600	-0.7100
7.87028800	-40.57578600	3.7100	-13.8900	5.3000
7.87740200	-38.86281200	4.4900	-9.4900	4.0200
7.88434400	-49.61304400	4.6300	-8.4400	14.6500
7.88837800	-48.10293400	4.2200	-4.9000	5.8900
7.89161600	26.76578300	4.9700	-34.0200	-31.1700
7.94631300	-52.98236000	3.4600	-28.3800	16.7600
7.94765000	-22.88011900	4.2000	-29.6100	12.2800
7.96114100	-30.33457000	4.7600	-8.1100	7.1400
7.97067800	-49.24491200	4.4700	-7.4800	6.9100
7.99559800	-3.67958300	4.9300	-55.1700	-1.8400
7.99779200	-18.39922800	4.6100	-7.2900	-35.0700
8.00554700	-63.56745600	4.8100	-1.8800	19.3100
8.02037100	-1.39260800	4.6900	65.9700	-75.7300
8.03776000	2.33457100	4.3900	-28.0400	105.4900
8.05863400	27.79433200	4.9400	-28.5300	-35.2500
8.05973700	-40.00314800	2.2100	-30.8200	16.7700
8.12573700	-24.30432400	2.8300	-83.2900	46.3800
8.13217300	-68.61706200	4.3500	-29.8800	30.5800
8.14096300	51.50667000	4.7800	-60.1000	-2.1500
8.14323600	-2.98378600	4.3600	-16.7900	-3.8900
8.15021300	-61.30242900	4.7400	-155.0400	-297.6900
8.15045500	-19.24501400	4.4000	-9.9700	-5.4600
8.15887600	-47.33658800	1.7500	-5.9300	9.9000
8.18786300	-12.92699900	4.7200	-26.0400	8.0800
8.18930400	-39.61854500	4.4400	-8.9100	3.1000
8.19052600	-42.98727800	4.7300	-5.3300	4.6000
8.20353500	17.64777100	4.6700	28.2900	-150.9400
8.22221300	-15.78822100	4.9900	-11.5200	-2.8500
8.22486600	-35.89951800	4.7800	-7.3000	10.0700
8.23414300	-40.34789000	4.4200	44.8400	-65.7900
8.27525600	9.18554500	3.5300	-46.8000	-48.6500
8.30870300	-76.91972200	4.0500	109.8400	106.9200
8.30925800	-36.65928800	4.4400	-111.2700	100.6200
8.34411500	-77.48447700	4.3400	-129.0900	40.7800
8.35639700	-33.05436600	4.8300	-11.3100	2.3800
8.37523600	-59.50948300	1.8600	-25.3400	22.7200
8.37547100	-48.49038100	4.7900	-6.2800	6.8100
8.38058800	43.18813100	4.2500	-25.6200	-99.4400
8.42767600	-3.90642400	3.9100	-66.0500	-24.2000
8.42895100	-66.13689000	3.7700	-35.8300	-152.1500
8.50443100	60.71816900	3.3500	-134.3100	-107.7300
8.58880000	-58.00922800	4.8400	53.8000	27.3000
8.62739900	-42.98908100	4.1100	-10.3800	9.4700
8.62760200	5.70378200	4.1400	-70.2700	-6.9900
8.64595500	3.34143500	4.4500	-19.0300	-16.2900
8.66179900	-29.56108400	4.8600	-25.4100	-91.2500
8.66707600	-12.47537200	4.9800	-79.8800	0.9300
8.66837300	-35.30835200	3.9700	9.6800	-21.1800
8.67024000	64.32793600	4.5900	-59.4200	26.4400
8.67155400	-52.92188700	3.6000	-24.6200	35.0900
8.67695300	-59.76100300	4.3100	-6.8700	4.9200
8.67710300	-46.64874400	3.7700	-6.3000	4.2900
8.68698200	-47.31712500	4.7400	-10.5300	6.8700
8.69537100	-15.94338400	4.8700	3.5400	-96.8200
8.70705400	-53.11398400	4.8300	-24.8800	23.2100
8.72041000	3.39866200	4.3000	-19.1400	-1.2900
8.72143100	21.46850100	4.6600	-106.9400	-39.2500
8.72653900	-33.18638500	3.6800	-14.2800	10.6000
8.72788200	-7.23373000	4.6300	-11.6800	-1.0500
8.73998700	-42.64927600	4.0500	-23.8800	19.4600
8.74475000	18.15430900	3.9400	-17.1000	-228.4600
8.74505900	-54.70882100	1.9300	28.7800	-104.1400
8.76712400	-46.04152700	3.8700	-12.2300	4.8200
8.77292700	-13.54772000	4.3200	17.5700	-6.2200
8.77828400	28.75989800	4.0300	-20.6900	-43.9500
8.77848700	-56.76977600	4.5000	-9.4000	8.6400
8.77958700	6.41880900	3.3800	-231.0400	-40.1700
8.80721400	5.83781200	4.3500	-17.5100	-29.7900
8.82990000	-45.30787500	4.9400	-12.3900	14.4200
8.84220400	-27.70984400	4.0200	-133.4900	88.1600
8.91745700	-60.64460900	3.8400	-28.1800	42.2400
8.92323000	5.94556300	3.1100	-99.7600	14.6500
8.92543400	-27.68187100	4.8700	83.0000	-100.9200
8.93868600	-52.72347500	4.6800	-16.5800	14.6000
8.94956200	-59.22933800	4.9300	-8.4300	8.6500
8.97478400	11.85770100	4.2600	41.4500	-29.2200
8.98682800	48.04182600	3.1200	-441.1200	-215.2100
9.00150500	-41.25360500	4.4500	-40.6700	54.5900
9.01068500	41.78291100	3.9600	-487.6700	-219.2900
9.04077700	-66.39607600	4.0000	-2.0100	-95.8000
9.04242000	67.62961900	4.7400	-22.0800	18.1500
9.06042700	47.15652500	3.5700	-37.3700	-55.3900
9.06924800	-47.09773700	3.7500	-46.8200	-9.5700
9.08578500	-72.60270500	4.4700	-8.4400	-4.7200
9.09399400	-70.53849700	4.6600	-4.3600	9.8900
9.09954600	5.09231600	4.9900	-18.9700	-11.0100
9.10882500	38.45221500	4.5600	-28.3700	-14.3400
9.13326800	-43.43258900	2.2300	-23.2100	14.2800
9.13413300	-25.85853600	4.6200	35.8300	0.4900
9.14786300	51.60464800	4.4600	-137.8100	-32.4800
9.17320400	67.13401800	4.8000	12.8800	-90.8500
9.18194100	63.51363300	4.6700	99.1600	-60.9600
9.18280400	-58.96689600	3.4300	-17.6700	14.1400
9.18455600	-44.86790200	4.9900	-4.4200	4.3200
9.18798500	-62.31697700	3.9600	-38.0400	15.9300
9.22004100	-69.71720800	1.6700	-157.6600	108.9100
9.23940500	2.31428000	3.8900	112.5700	-306.0700
9.26020000	-38.56994200	4.9200	-71.2200	-10.0600
9.26252200	-37.41314400	4.6300	13.8500	-7.2600
9.26980800	54.02185700	4.8000	49.1400	59.7900
9.27002400	-57.54147300	4.3400	-27.7700	-14.7700
9.28483800	-59.27522900	2.2100	-19.0300	13.1100
9.31406900	36.80259700	3.8200	-32.6100	-123.7800
9.32955100	-11.97485300	4.7700	-27.9200	12.1600
9.34139400	-9.55569500	4.8000	-13.4200	-26.8000
9.34911700	-62.40463200	4.7900	-14.2900	0.2000
9.35092500	34.39256200	3.1400	-222.8000	14.7800
9.35822000	-25.96543900	4.7100	-12.2800	-9.2000
9.36856200	-55.01066800	2.4700	-10.7200	11.2400
9.38673900	-28.83387300	4.7100	-128.6500	20.5800
9.41090600	26.18232400	4.4700	-31.1300	-48.0600
9.45511000	-22.34378300	4.7200	171.6600	-150.1700
9.45979000	-8.65860300	1.9900	-14.4900	33.2500
9.48580500	-2.76896400	4.5900	100.9300	-3.1500
9.48742300	-35.95133500	4.5100	-24.7400	5.0700
9.51167400	-40.46676900	3.6000	-147.1400	48.6500
9.52037100	-57.03437700	3.1600	-32.5800	6.0800
9.52545300	63.06186100	3.6500	107.5500	26.8600
9.52867500	22.96797100	4.3200	-19.3800	-39.0400
9.53242800	11.29982700	4.9900	-89.9200	-84.0000
9.53303600	-1.18466400	4.5400	-11.4200	-3.8700
9.54771500	51.67730000	3.1700	-947.0600	-535.6000
9.57038400	36.39755800	4.5400	6.8200	-22.8900
9.57407100	-59.22975300	4.0800	-11.2300	6.0200
9.57470300	69.83034300	4.5400	-63.9000	77.5900
9.58040500	52.05147700	4.4700	-65.0700	-37.3000
9.58439900	39.62149300	4.8100	-29.6400	20.6700
9.61377200	-49.35502600	4.3400	-130.5600	42.2900
9.61815100	81.32638200	4.2800	-16.7700	-15.9500
9.62018500	6.83580200	5.0000	-70.2600	11.0300
9.64091300	4.64929300	4.6800	-165.4500	-49.9300
9.65583900	-61.32806000	4.5100	-34.8900	18.6000
9.66426700	-1.14281000	3.9000	47.8100	-62.9200
9.68584300	9.89230800	3.5200	-143.6700	-37.4500
9.68805800	-23.59151400	4.7600	-29.1400	3.0200
9.70401100	-23.91556900	4.9300	-399.2300	263.1800
9.73669400	-27.76947100	4.7800	-53.0600	37.7600
9.75411700	-62.50790300	3.6900	-12.8800	8.2800
9.76418800	23.77425500	2.9700	-46.0900	-9.5700
9.78503600	-65.07200700	2.9200	-11.5500	4.9700
9.84986700	59.03873500	3.7800	-294.4500	-151.7500
9.85797000	-14.84660300	4.1100	18.6800	-21.8800
9.86129800	-46.54762000	4.5800	-24.4100	9.8000
9.86843300	54.06433200	4.5500	-4.2100	19.1800
9.87939800	26.00695100	3.8800	-216.2900	-54.9200
9.90342500	-25.93234500	4.8700	-183.9500	56.5600
9.91450300	-19.00936000	4.9400	-46.0900	-37.0400
9.94770800	-54.56779000	3.5200	-13.1300	2.8300
10.00355700	8.04422300	4.6800	-30.0600	-22.1100
10.08540800	-13.06462600	4.6000	-37.4800	19.9000
10.12220900	16.76266400	3.4800	-1.9400	-0.5300
10.12382100	35.24469300	4.4900	50.9700	0.6400
10.13174200	9.99750800	4.3900	-81.1000	-64.2000
10.13230000	-0.37163700	4.4800	-26.1700	-3.6500
10.13953200	11.96720700	1.3600	-249.4000	4.9100
10.14895700	-51.81126100	4.8500	-14.6000	0.5100
10.17646700	-12.35408300	3.6100	-200.3300	-100.2800
10.22896100	-70.03790300	3.2900	-35.7300	7.5500
10.24560700	-42.12194200	3.8500	-150.6800	49.8400
10.27817100	23.41731100	3.4300	19.8400	-7.3000
10.28472000	-61.33230400	3.3900	-24.2500	6.3800
10.28495200	42.91436500	3.4500	-170.1100	-42.6400
10.32687700	-55.02930500	4.5900	-14.7900	4.0300
10.32893800	19.47091400	4.7800	-229.9900	-214.6600
10.33287300	19.84148900	2.0100	310.7700	-152.8800
10.34855700	-56.04322000	4.5000	-18.1500	1.4900
10.37210800	-41.64996000	4.8200	-27.2300	60.7700
10.37215500	41.49951600	3.0600	-80.4700	34.1000
10.38282400	-66.90149800	4.9700	-22.8400	11.0400
10.40218200	65.56642300	4.9400	-8.9300	-20.8300
10.40659200	-74.03161200	3.9900	-16.1200	-27.6300
10.43189500	33.79612000	4.7200	-75.2800	-59.0000
10.43484200	-16.83629000	3.8300	-128.5100	-80.0600
10.45253000	-31.06777900	4.2800	-80.4200	9.6300
10.45679800	-57.63880500	4.6500	-6.7100	3.7200
10.46464900	-58.73940300	3.8100	-13.2500	2.2100
10.46472700	36.70721200	4.2000	-127.5200	-109.6200
10.50558100	-71.99279300	4.7200	27.9400	-30.0400
10.51046100	55.98053600	4.8200	-177.0200	-33.4500
10.51724200	-73.22149000	4.9400	-7.4500	7.6400
10.52277500	-53.71548400	4.8900	-418.7600	209.4600
10.53374300	-61.68533200	3.3000	-16.5900	11.4200
10.54685300	9.30658600	3.8400	-5.5700	-3.5900
10.55386500	40.42556000	4.7200	-142.0400	8.0000
10.58487800	75.71294800	4.8600	-45.5800	-14.9600
10.59116600	-78.60778600	4.1100	-38.0000	11.5300
10.59314000	-57.55763600	4.4500	-15.4300	-0.1600
10.62048100	-27.41263400	4.8700	-112.9800	21.5200
10.62171700	-48.22562000	3.8400	-131.4800	-1.5800
10.62590900	-13.38454300	4.8900	41.7400	-37.8300
10.64304300	-16.87657200	4.9100	-98.5700	26.7500
10.64533700	31.97623700	4.6800	0.1000	7.1800
10.64583400	-59.18299700	4.6900	-14.2900	0.7900
10.65511200	-55.60326800	4.2900	-18.8700	4.3100
10.70392600	-64.46642600	4.7600	-17.7500	11.2700
10.71594900	-64.39445000	2.7400	-18.8700	12.0600
10.72563900	-60.56661900	4.5800	-15.2200	3.1200
10.73525800	-63.96107200	4.8000	-17.0600	11.9700
10.76308700	-80.54018800	4.4500	-37.3300	6.1900
10.77948800	-49.42025500	2.6900	62.5500	-53.5700
10.78089800	-64.38347400	4.8700	-18.6100	9.3300
10.82707900	-16.19364800	3.1100	92.7700	199.0200
10.88852600	34.21487100	3.7900	92.4700	-286.0600
10.89155900	-58.85317100	3.7800	79.7500	38.6500
10.89964800	43.18995600	4.6600	44.7800	-24.4300
10.92689000	24.74971800	4.3000	-78.4100	-14.8900
10.94528900	-37.13776500	4.6000	74.9600	-124.5000
10.99624400	-18.29878300	4.0800	-462.3900	129.1100
11.00257200	-42.22585900	4.3700	23.0000	4.5000
11.00934700	3.61749400	4.8400	15.6600	-16.2400
11.01244500	6.10144900	4.9800	-51.0300	-22.2400
11.03046500	-2.48458500	4.7300	9.5800	-36.1100
11.03067700	56.38242700	2.3400	81.6600	33.7400
11.03882700	20.17984200	4.4200	-9.6000	39.5700
11.06215500	61.75103300	1.8100	-136.4600	-35.2500
11.08361900	7.33600700	4.6200	-344.4100	-47.4000
11.08886700	-27.29361200	4.9200	-190.7400	-6.8700
11.10901500	-62.42411300	4.6200	-36.8300	9.5700
11.14316500	-58.97503700	3.9300	-5.0300	2.0900
11.16106200	44.49848700	3.0000	-62.3500	-27.3800
11.19430200	-22.82584700	4.4600	4.7300	-99.0600
11.21000500	-60.31762500	4.5900	-6.2300	2.3300
11.23513800	20.52371700	2.5600	143.3100	-130.4300
11.23733500	15.42957000	3.3300	-59.0100	-79.3700
11.25339700	23.09550200	4.5600	-22.2400	-9.4800
11.27769500	-3.65160100	4.4500	-108.1500	-35.7600
11.30798300	33.09430600	3.4900	-26.6100	27.5100
11.31886400	38.18555700	4.7600	-57.1500	-68.1000
11.32234700	-14.77854100	3.5600	-124.4700	206.6100
11.35011700	-54.49101900	3.9000	-35.3200	-2.2000
11.35227600	6.02932200	4.0500	-91.7600	-12.8300
11.38044200	43.48270300	4.9900	-36.8700	-13.8500
11.38685700	-36.16476900	5.0000	-26.5200	-0.6300
11.39873600	10.52950900	4.0000	140.7500	-77.8000
11.41016400	-10.85932300	4.8100	-24.1400	24.4600
11.41470200	-17.68401000	4.0600	-97.0100	3.2200
11.46562200	2.85626500	4.9500	17.3200	-10.4100
11.50524800	-3.00350100	4.7700	19.7800	-17.1400
11.52340700	69.33107600	3.8200	-41.1400	-18.7900
11.53789000	-29.26102200	4.9300	-20.3200	144.4000
11.55003800	-31.85762500	3.5400	-209.0900	-41.6000
11.57935500	-54.26409100	4.6200	-55.5500	16.6400
11.59636300	-63.01984100	3.1100	-33.8400	-6.8700
11.61136500	-9.80224700	4.7000	-59.3200	2.8200
11.61581400	-0.82374900	4.3000	1.3000	43.4300
11.67022100	-34.74466000	4.7000	-44.0400	-1.8400
11.68156800	-62.09010100	4.9300	-15.0000	1.0800
11.72533200	-62.48939600	5.0000	-5.8500	1.1400
11.74604900	-18.35067400	4.7100	27.1500	-24.5600
11.75473300	8.25811900	4.8400	59.6600	-22.8000
11.76014100	-66.72876300	3.6300	-100.4200	33.2100
11.76432200	6.52937600	4.0400	-19.6500	-180.0200
11.76751500	47.77940600	3.6900	-138.3800	28.3700
11.77523200	-61.17839800	4.1100	-21.8500	-16.2300
11.77537600	-40.50035400	4.8900	-1531.6900	403.4100
11.79976200	20.21893100	4.5000	-145.4700	-4.0400
11.80403000	-66.81491000	4.7500	30.7700	-16.2500
11.81766300	14.57206000	2.1400	-499.0200	-113.7800
11.82807700	-63.78847800	4.3000	-17.9300	4.4400
11.83239500	-70.22579000	4.9800	-7.6100	-1.9600
11.84492200	1.76471800	3.5900	740.9600	-271.1800
11.85241900	-45.17347000	4.4700	-72.4200	-8.6200
11.86423700	-65.20591000	4.8900	-34.3700	-6.5500
11.88181300	-33.90812400	4.2900	-58.0200	2.4000
11.89716800	53.69476000	2.4100	107.7600	11.1600
11.99379600	-78.22183900	4.8800	-41.2400	-8.4800
12.01455300	6.61432200	4.6500	-0.2500	-29.7100
12.05044700	-63.31293000	4.3200	-152.5300	6.1000
12.07200800	-63.16571100	4.7200	-17.1900	-0.0100
12.08681700	8.73298500	4.1200	-220.3200	57.5200
12.11468700	-64.61373000	4.1400	34.2700	-37.4900
12.13478800	-50.66127800	4.4600	-34.0700	-9.8500
12.13931000	-50.72242500	2.5800	-47.5300	-6.4200
12.14022500	-24.72887500	4.0200	100.1800	-39.3300
12.16874600	-22.61976600	3.0200	-71.5200	10.5500
12.19420200	-52.36846000	3.9700	-42.1700	-18.3900
12.25242700	-58.74892800	2.7900	-36.6800	-10.7200
12.25708600	57.03261700	3.3200	103.5600	7.8100
12.26343700	-17.54192900	2.5800	-159.5800	22.3100
12.27237200	23.94540900	4.9300	-26.8500	-5.9100
12.27504000	33.06152700	4.9900	-54.8700	-111.8700
12.29291700	-67.96073600	4.0600	-231.2600	-26.3700
12.30581200	-79.31224000	4.2400	-38.0700	12.0000
12.30729800	-64.00307100	4.0600	-33.1900	-10.3800
12.33176600	-0.66680300	3.8900	-59.1400	-23.1300
12.33916100	3.31257400	4.9700	-293.8200	-62.8500
12.34528600	17.79286800	4.7200	-109.6700	88.5000
12.35603100	-60.40114700	3.5900	-171.0600	91.8200
12.37508700	25.84616000	4.7800	-10.7500	-8.8500
12.40041400	51.56225700	4.7600	13.1500	11.3200
12.44001800	27.26823700	4.9200	-14.8000	-10.4000
12.44215800	-51.45063500	4.8200	-31.0400	-9.8300
12.44331100	-63.09909200	0.7700	-35.3700	-14.7300
12.44896600	28.26842300	4.3500	-83.4100	-80.9900
12.44980500	26.82569900	4.9800	-11.5800	-9.2300
12.46733100	-50.23063500	3.9100	-32.4900	-12.4100
12.49773900	-16.51543200	2.9400	-209.9700	-139.3000
12.51942900	-57.11321200	1.5900	27.9400	-264.3300
12.53451000	-16.19600700	4.3000	-424.3700	-58.4100
12.54113400	-72.13298800	3.8400	-50.5900	-5.1600
12.55805800	69.78823800	3.8500	-58.1400	11.4200
12.56241100	41.35748000	4.2400	-705.0600	292.9300
12.57312100	-23.39675900	2.6500	0.8600	-56.0000
12.57890200	70.02177000	4.9500	-30.4000	-1.3600
12.58085700	22.62925900	4.8000	-57.4200	28.5300
12.61973900	-69.13556400	2.6900	-39.8700	-12.4400
12.62839400	-48.54130400	3.8500	-186.6100	-6.4500
12.65410200	-7.99556400	4.6600	-77.3000	-24.6600
12.66459400	-39.98730200	4.6300	-42.0100	-24.9400
12.69197100	-48.95988800	2.2000	-187.2800	-1.2000
12.69434500	-1.44937500	2.7400	-616.6600	60.6600
12.69807100	10.23562500	4.8800	82.6200	-89.5100
12.69905100	-59.68581900	4.9100	-24.7000	-3.5700
12.70985800	-48.81310900	4.6600	-123.2700	-30.3600
12.76055000	-60.98131800	4.6900	112.5100	-64.8600
12.77134600	-68.10811900	3.0400	-40.4000	-10.3200
12.77298100	-56.48881500	4.6200	-33.1100	-14.6200
12.79535900	-59.68876400	1.2500	-48.2400	-12.8200
12.84476900	-33.99930200	4.9000	-29.1100	-14.2900
12.86164500	27.54071200	4.9300	-9.5000	-8.8200
12.88525800	-48.94331500	4.3300	-79.1800	-25.3400
12.88826300	21.24494300	4.8900	-42.4800	-32.0000
12.89060700	-40.17887200	4.2500	69.6400	-21.8300
12.90047200	55.95982100	1.7600	111.7400	-8.9900
12.90587900	-9.53899400	4.7700	-18.2600	-19.7200
12.90990000	-57.17792400	4.0300	-30.4500	-13.5500
12.91088900	-59.14670100	4.6200	-33.3500	-14.7500
12.92672500	3.39747000	3.3900	-471.4400	-52.8100
12.93380700	38.31838000	2.8900	-233.4300	54.9800
12.98206800	17.40944600	4.7600	-38.6600	34.9500
13.00457600	30.78502100	4.8800	-21.5900	-6.3800
13.01212500	56.36633800	4.9300	108.3600	2.6700
13.03627800	10.95915000	2.8500	-275.0500	19.9600
13.03775900	-71.54885500	3.6100	263.5800	-23.2800
13.05925600	-49.52726400	4.8300	-46.5800	-11.2400
13.10464200	-48.46328900	4.7100	-29.7200	-14.6800
13.11518000	-49.90624600	4.2700	-26.2400	-12.4300
13.11964600	27.62474100	4.8000	33.2700	-68.2100
13.15090900	-23.11807000	4.9400	-19.9700	-39.9000
13.16583100	-5.53901000	4.3800	-35.0800	-32.8000
13.16646900	17.52943100	4.3200	-445.9500	129.6900
13.19790400	27.87818300	4.2300	-801.9400	882.7000
13.20090100	-37.80302200	4.8500	-382.4400	47.0100
13.20489200	-59.92057900	4.5800	-28.5400	-17.4600
13.22859700	40.15288500	4.9400	-52.1900	15.5000
13.23757800	-59.10323500	4.9000	-249.6200	-154.6000
13.25416000	-67.89458900	4.7900	-36.9200	-10.6300
13.28695200	-66.78343800	4.8600	-15.2700	-6.3400
13.29237900	40.57260800	4.7200	-125.6700	18.4500
13.29341200	5.46986900	4.7800	-7.1600	10.0000
13.30676300	-18.31119600	4.7400	-1069.9000	-1063.7800
13.31535900	-23.17151200	2.9900	68.4100	-41.0900
13.34329600	-36.71229500	2.7500	-340.7600	-87.9800
13.37721100	-60.98839300	4.5200	-35.5000	-15.1900
13.39874700	54.92536200	2.2300	121.2300	-22.0100
13.40012800	-64.53566800	4.5200	29.1000	-20.9600
13.41988300	-11.16132200	0.9800	-42.5000	-31.7300
13.42041300	54.98795800	3.9900	120.3500	-16.9400
13.45754600	-15.97357800	4.7600	-122.1300	21.6100
13.47383700	13.77878700	4.9700	-234.8100	-576.1900
13.51740500	-39.40730700	3.9000	-15.6500	-11.2500
13.53274600	-6.25581600	4.6800	-103.8000	-43.4000
13.56887000	3.65896700	4.9200	43.8900	-24.0300
13.57425000	49.01597300	4.6800	-128.2800	27.3900
13.57822000	-0.59582000	3.3800	-278.8900	48.5600
13.57994300	37.18241500	4.9100	84.7000	-9.8100
13.62434500	36.29489800	4.8200	-94.7800	23.6300
13.66479600	-53.46639400	2.2900	-14.6000	-12.7900
13.67896700	54.68163400	4.6300	-19.1400	-11.3700
13.69577500	-54.55942500	4.9900	-43.6500	-24.5800
13.76147100	-33.04372100	4.2300	-461.8500	-146.1700
13.77760400	-51.43276600	4.6400	10.3300	-27.9800
13.78771000	17.45690600	4.5000	-480.3300	54.1800
13.79235400	49.31326500	1.8500	-121.2300	-15.5600
13.82409100	-34.45077600	4.1900	-42.5900	-59.8700
13.82462300	15.79790500	4.0500	-93.6400	40.7600
13.82507800	-41.68770900	3.4100	-26.0100	-20.3800
13.82694300	-42.47373200	3.4700	-23.8500	-19.2200
13.82856400	21.26410500	4.9200	21.0900	17.0000
13.83119100	-18.13416800	4.9600	-99.3400	-37.7100
13.85720500	64.72327200	4.5800	1.4500	-4.5500
13.86318800	34.44424000	4.7600	-20.4900	-31.8200
13.86377900	-32.99408900	4.3200	-35.7400	-30.1400
13.88681700	-31.92761200	4.7500	-13.5300	-10.7400
13.91141100	18.39771700	2.6800	-60.9500	-358.1000
13.92566700	-47.28837500	2.5500	-57.1400	-44.7500
13.96080900	-63.68669600	4.7100	-40.4500	-32.8300
13.97118600	-42.10075300	3.8300	-23.6800	-19.8200
13.97798700	-44.80358400	3.8700	-27.9700	-21.6900
14.02744300	1.54453200	4.2300	17.4100	-21.2000
14.02874800	-45.60342100	4.3400	3.8900	-20.9400
14.06372900	-60.37303900	0.6100	-33.9600	-25.0600
14.07316500	64.37585000	3.6700	-56.5200	17.1900
14.10077000	-41.17963300	4.3600	-24.4200	-21.6300
14.10619300	-26.68236100	3.2500	43.0500	-140.8200
14.11139500	-36.36995400	2.0600	-519.2900	-517.8700
14.14749800	77.54751400	4.8000	-30.3600	33.3900
14.16524200	-53.43894600	4.7400	-144.1700	-90.5400
14.17331500	25.09167700	4.8200	-23.0200	-60.0700
14.18069000	-16.30203000	4.9300	3.8200	-10.8700
14.20439000	2.40943300	4.9900	-44.6700	-26.1000
14.21492900	-10.27370200	4.1800	8.0400	140.7900
14.22471800	51.78996500	4.5300	61.3900	-10.5700
14.26103000	19.18241000	-0.0500	-1093.4500	-1999.4000
14.26690800	-6.00054700	4.0700	-25.8400	-419.8400
14.26943900	51.36723100	4.7500	-149.9800	89.4200
14.27307400	46.08830500	4.1800	-187.4200	159.0100
14.29995000	35.50950500	4.8000	4.9200	14.1800
14.30387700	-81.00776000	4.8900	-19.9500	-65.3900
14.31849800	-13.37109500	4.5200	-17.1200	29.3900
14.32339600	-46.05809300	3.5500	-12.8100	-3.7900
14.32923300	16.30694800	4.8400	-140.9100	60.3100
14.33876300	-56.38649700	4.3000	-9.2900	-7.5700
14.34262300	-37.88529500	4.0500	-64.5000	-11.3900
14.34515900	-45.18706000	4.7800	37.1700	-73.6100
14.37697100	-58.45911700	4.7600	-47.0300	17.0300
14.38395600	-39.51181900	4.4100	-24.3200	-21.8100
14.38494200	-27.75401700	4.7800	-201.5700	-116.6300
14.38963800	8.44661700	4.8600	-75.2800	-9.5600
14.41996700	51.85074400	4.0400	-236.0600	-399.0700
14.43561900	-45.22142400	4.5600	-13.5100	-14.0200
14.43633600	-45.37927600	4.3300	13.5500	-6.3500
14.44880100	-83.66788400	4.3100	-95.7900	-12.9100
14.45875800	75.69599300	4.2500	8.7100	22.0900
14.46956400	-29.49163800	4.9700	-24.8700	-23.8100
14.47003800	-2.22795700	4.8100	-140.9400	-2.9200
14.53050000	30.37143700	3.5700	-100.4400	120.2200
14.53463600	38.30825300	3.0400	-115.5500	151.8700
14.54362900	-50.45715700	4.4400	-29.5500	-14.8500
14.57800000	29.74513000	4.4700	188.3200	132.7200
14.59178600	-42.15782400	2.3300	-35.3100	-32.4400
14.63145400	-49.42582800	4.0500	-27.7800	-29.0500
14.66034600	-60.83830000	1.3500	-3678.1900	481.8400
14.66076500	-60.83397600	-0.0100	-3678.1900	481.8400
14.67876800	16.41832400	4.4900	9.6400	9.4600
14.68582000	13.72830000	3.7800	52.3600	-12.7100
14.69409700	8.16176400	4.8600	-10.2100	3.2500
14.69882300	-47.38820000	2.3000	-21.1500	-24.2200
14.69933200	-37.79349800	4.0100	-29.5600	-30.6800
14.70849200	-64.97513800	3.1800	-192.6400	-234.0700
14.71767300	-5.65820700	3.8700	104.2300	-319.9000
14.72371200	26.52785000	4.8000	-13.2900	-16.6800
14.72762400	-35.17365500	4.0600	-60.9300	-176.8200
14.74977800	-35.19182600	4.9200	10.0400	-2.0300
14.74978400	27.07422200	2.3500	-50.6500	20.0000
14.75401700	16.96428000	4.6000	-60.8700	-50.6900
14.77081200	1.89288500	3.7300	-116.0400	-21.7500
14.79770100	-79.04475100	3.8300	-5.6700	-15.7500
14.83814700	-27.96037100	4.4200	-237.3700	-62.3700
14.84510500	74.15550500	2.0700	-32.2900	11.9100
14.84797700	-16.04177800	2.7500	-105.6900	-69.0000
14.85029800	-2.29915000	4.9300	87.6300	-123.6400
14.85649300	19.10046000	4.5400	152.8100	-71.2800
14.86064100	-43.57535900	4.3200	-24.7900	-26.8000
14.95305500	-4.34646200	4.4700	-97.8300	-154.5600
14.95974300	65.93246000	4.6300	-78.2600	32.4800
14.97553700	-43.13396000	2.6800	-34.0600	-38.3000
14.98602500	-42.10419400	3.1300	-17.7600	-21.3300
15.01620800	-8.51894300	4.9100	-66.2000	-3.4000
15.03243600	40.39056600	3.4900	-40.2000	-29.2200
15.03514100	25.00813800	4.8000	-5.8800	-48.6000
15.04834400	2.09130300	4.3900	-55.9300	12.9400
15.06317400	47.65406000	4.8300	-436.2400	18.9400
15.06783900	-25.28196500	3.2500	-71.8500	-44.6900
15.07409800	26.94764900	4.5200	-176.3100	-4.5200
15.08530300	-47.05124500	3.9100	-23.3900	-21.1100
15.12168200	24.86919500	4.9300	184.8100	-163.5100
15.14739400	-45.27985700	4.0700	-17.3200	-26.1100
15.19891800	-48.73781900	3.8800	-96.5200	-47.9700
15.20369200	-19.79171000	4.5400	-35.5900	-32.5500
15.20476000	-52.09924700	3.4100	-113.9400	-71.0000
15.21377600	-44.50041400	4.8300	-20.4900	-22.2000
15.24370000	-31.51912100	4.9100	-9.7200	1.8300
15.25837600	33.31483300	3.4600	84.8400	-110.5700
15.28344900	-9.38291700	2.6100	-96.3900	-20.7600
15.29191700	-58.80120800	4.0700	-98.3900	-135.4600
15.29413600	-63.61046500	4.8500	2.1200	8.6600
15.29717800	-30.14867300	4.3500	-8.7100	-4.4700
15.30889700	-47.87527200	4.2700	-31.7400	-32.8200
15.31518100	-68.67954500	2.8700	-66.4800	-32.0000
15.34548300	71.83401600	3.0000	-18.0300	17.6800
15.35620100	-40.64751800	3.2200	-19.1100	-24.0500
15.36344000	-36.26137600	3.5700	-91.8500	-86.0300
15.36897500	-47.92779200	4.9900	-141.4400	-132.5800
15.37802100	-44.68962200	3.3700	-20.2500	-20.1300
15.38593100	-36.85848900	4.5400	-18.0500	-21.5300
15.38675000	30.28781200	4.9900	125.7700	-176.4800
15.38962500	-59.32078700	4.4800	-10.2900	-36.5700
15.40330300	-10.32226600	4.9200	-68.5200	-152.6500
15.40818100	37.37716700	4.3100	-147.6800	84.6900
15.41549400	58.96606500	3.2900	-8.2700	17.3000
15.42228500	-38.73362000	4.6000	-46.0500	-13.3500
15.46381800	29.10570300	3.6600	-181.3900	86.8400
15.52361900	77.34935200	5.0000	-46.8900	5.3100
15.52971800	40.89933200	4.9800	-13.7300	-14.9200
15.54882900	31.35913300	4.1400	-19.6200	-8.9400
15.56963800	-10.06452900	4.6100	305.6200	-234.1200
15.57812800	26.71469300	2.2200	120.3800	-89.4400
15.58004100	10.53886700	3.8000	-72.6300	3.1700
15.58568100	-41.16675700	2.8000	-16.0500	-25.5200
15.59210500	-14.78953700	3.9100	65.6700	6.9300
15.59812600	-44.95838900	4.5500	-20.4200	-21.4800
15.61200000	-66.31703700	4.1100	24.5100	-54.6600
15.61707000	-28.13507900	3.6000	-13.2600	-3.4800
15.63423200	-42.56734800	4.3400	-147.6000	56.3500
15.64427000	-29.77775400	3.6600	-22.1000	-26.5400
15.65629900	36.63581200	4.6400	-15.2900	-6.5100
15.66277200	-34.41192600	4.6600	5.6500	-13.7000
15.67136000	-23.81807800	4.9700	-15.6200	-8.1800
15.68650500	-44.66120500	4.6400	-168.7000	-265.6900
15.69251600	19.67040100	4.5100	-59.8600	-43.2300
15.69911100	-19.67882800	4.7500	-33.2100	-104.3300
15.71139500	-34.71040700	4.7500	-23.9600	-30.4300
15.71238100	26.29563700	3.8100	-112.5200	50.7000
15.73429900	77.79449300	4.2900	20.0700	-2.5000
15.73779800	6.42562700	2.6300	134.6600	44.1400
15.76979300	15.42182600	3.6500	68.5400	-41.3100
15.77406000	7.35307300	4.4200	-225.5100	-68.5200
15.81232700	18.14156400	4.0900	-51.7800	-88.7200
15.82657000	26.06839400	4.5900	-79.8500	-63.7800
15.82700200	-3.43020800	3.5400	-98.0700	-27.4100
15.84693500	4.47773000	3.7100	127.9800	61.8700
15.84931600	-33.62716500	3.9700	-5.9200	-24.9100
15.84965200	-25.75129500	4.6300	-13.6400	-24.9100
15.85387000	35.65738200	4.7900	-8.0700	-347.4100
15.85442000	20.97791900	4.7400	-54.7000	17.9900
15.87790300	42.45151800	4.6000	438.9700	629.5200
15.89353300	-25.32714200	4.5900	-14.4200	-25.4000
15.89709300	-16.72929300	4.1300	100.1200	135.2700
15.91908300	-63.43072700	2.8300	-188.4500	-401.9200
15.94088200	15.66161700	3.8500	311.2000	-1282.1700
15.94807700	-29.21407300	3.8700	-15.2000	-25.1000
15.95979400	26.87788000	4.1400	-76.5500	-60.2400
15.96319600	54.74976200	4.9600	-150.1800	106.4700
15.96982500	-14.27935800	4.9500	-12.2900	-16.7700
15.98086500	-26.11410500	2.8900	-12.0000	-25.7100
15.99174300	-41.74443600	4.9900	-37.7600	-16.5100
16.00203600	-38.39670600	3.4200	-16.5800	-27.0600
16.00555700	-22.62171000	2.2900	-8.6700	-36.9000
16.02404700	29.85106100	4.9800	-38.2000	-6.9000
16.03153200	58.56525100	4.0100	-320.0700	334.9600
16.03824800	22.80445400	4.8200	4.5700	24.0400
16.04663400	46.03670500	4.7200	56.0100	-61.2500
16.05357900	-49.22969500	4.6500	41.1800	10.3900
16.05573000	-25.86524000	4.9600	-67.8900	-37.5700
16.05672000	-38.60254100	4.9000	-17.6800	-28.5400
16.05893100	-57.77506400	4.6300	-118.3200	-78.3400
16.09062000	-19.80545300	2.5600	-6.7500	-24.8900
16.09071000	-19.80186000	4.9000	-34.5900	-7.4700
16.10817600	-45.17318500	4.7300	17.4700	37.0300
16.10987400	-36.80228800	4.2200	-15.8400	-31.0600
16.11345200	-20.66919200	3.9300	-10.5500	-23.7300
16.12342400	-20.86876400	4.3100	43.6800	-45.3000
16.13459100	17.04698000	5.0000	-34.2900	-5.4600
16.14616200	44.93490600	4.2300	-25.9800	35.8600
16.14952900	36.49094400	4.7300	-40.7100	343.4700
16.19992600	-19.46070800	4.0000	-9.7000	-25.2500
16.19999700	-10.06425300	4.9300	-21.9200	-27.9500
16.20505700	-27.92637200	4.5800	-10.3100	-23.1700
16.22464800	-54.63046700	4.9500	-5.3300	-22.4800
16.23909400	-3.69432300	2.7300	-45.8300	-142.9100
16.25729700	-63.68568200	3.8600	3.5100	-13.4900
16.28359300	-50.06812200	4.9700	-2.2400	-3.9600
16.29179100	75.75533000	4.9500	-89.9400	257.8000
16.30497300	-28.61402000	4.8000	-33.7900	-100.5900
16.30535800	-4.69251100	3.2300	82.3900	40.0800
16.32901100	46.31336600	3.9100	-13.1500	39.3100
16.33068700	-50.15550800	4.0100	-159.3600	-52.8400
16.33911900	-78.69574500	4.6800	-9.9100	-36.5900
16.34393900	-24.16932000	4.5500	-4.2300	-14.7100
16.35314300	-25.59279600	2.9000	-10.0300	-18.0300
16.36533800	19.15313000	3.7400	-47.4400	44.6100
16.36787500	1.02903900	4.8200	-156.0100	48.0900
16.36828700	30.89199600	4.8600	-97.3500	107.6800
16.39986000	61.51421300	2.7300	-16.9800	56.6800
16.40171800	-20.03732700	4.4800	-21.4800	-47.5300
16.42359800	14.03327000	4.5700	39.3900	-59.8900
16.42642200	-23.44717800	4.5700	-5.6100	-25.0400
16.45039900	-18.45625100	4.2200	-5.5800	-22.2200
16.45306700	-47.55478600	4.4600	-13.7200	-20.6300
16.46338500	-8.37173100	4.6200	-67.2600	-12.6000
16.46640000	68.76813700	4.9400	-24.5300	33.8200
16.47442200	-70.08440100	4.9000	199.8900	110.7700
16.47737300	41.88167700	4.8300	29.1500	-5.5100
16.49012800	-26.43200200	1.0600	-10.1600	-23.2100
16.50346600	-25.11522400	4.7900	-3.4200	-26.5200
16.50366800	21.48961300	2.7800	-98.4300	-14.4900
16.51522900	1.98392300	3.8200	-31.3700	-73.0000
16.51899100	-16.61273300	4.2900	-44.5700	-38.0400
16.52303700	-34.70436600	4.2400	-11.5100	-18.5600
16.53561100	-21.46639000	4.4500	20.2100	36.2300
16.54341500	11.48804100	4.8400	-178.3800	-79.1600
16.55760900	-78.89714800	3.8600	-125.6800	-77.5900
16.56806100	-44.04531500	4.8600	0.5200	-2.5300
16.56838400	42.43704100	4.2000	-9.0300	59.8000
16.59804300	-28.21601600	2.8200	-8.5900	-22.5000
16.60624200	-35.25532600	4.1800	14.7200	12.1400
16.61931600	-10.56709000	2.5400	13.0700	25.4400
16.64579400	48.92834200	4.8600	-48.1000	26.8100
16.68197800	64.58904600	4.8400	-0.0400	-16.1800
16.68811300	31.60272600	2.8100	-462.5800	345.0500
16.69288400	-17.74216700	4.9100	-21.6600	-0.9200
16.71493300	38.92225400	3.4800	35.5800	-84.9800
16.71812600	-77.51743500	4.2300	-282.8300	-355.0300
16.75494600	56.78185700	4.8400	26.3100	69.9600
16.76615900	82.03726200	4.2100	19.5400	4.6700
16.81107700	-69.02771500	1.9100	17.8500	-32.9200
16.82061500	45.98332300	4.8200	22.7800	-51.3700
16.82976000	-59.04137800	3.7700	39.5900	-25.2800
16.83056300	-10.78300000	4.6400	93.7000	-81.9400
16.83608000	-34.29323200	2.2900	-611.8300	-255.8700
16.86450900	-38.04738000	3.0000	-8.8400	-21.6000
16.87226300	-38.01753600	3.5600	-12.9200	-23.8000
16.89992400	-42.36202500	4.7000	-0.4800	-2.1700
16.90013100	10.16535900	4.3900	-53.7500	-34.6800
16.90973100	-42.36131300	3.6200	-126.5500	-227.7700
16.93375000	65.13479600	4.8800	238.0500	50.8400
16.96113900	9.37503300	3.1900	-293.0300	-9.7000
16.97700600	-55.99014100	3.1200	-18.3100	-35.2900
16.99306900	-53.16043800	4.0600	1.1200	21.5300
17.00482700	30.92640500	3.9200	-47.6800	26.8900
17.01766700	-4.22264400	4.8200	-40.2800	-77.9200
17.05218600	14.09194700	4.9700	25.9600	-63.2100
17.08037600	-34.12293000	4.8300	1.9800	-3.2000
17.08892900	54.47004200	4.9100	-66.0000	73.8600
17.08963600	12.74082800	4.8900	50.6300	-11.0200
17.14644800	65.71468300	3.1700	-20.7600	19.1500
17.17296800	-15.72491000	2.4300	41.1600	97.6500
17.20255200	-43.23918900	3.3200	22.0100	-287.4100
17.24412700	14.39033300	2.7800	-6.7100	32.7800
17.25053100	24.83920400	3.1200	-21.1400	-157.6800
17.25078800	36.80916200	3.1600	-27.3500	2.7000
17.25583600	-26.60282900	4.3300	-473.6900	-1143.9300
17.27685700	-0.44529700	4.7200	-33.0900	-63.9200
17.28876900	33.10010000	4.8000	-3.6800	-5.7400
17.29451700	37.29149800	4.6400	-42.7400	63.7600
17.34712800	-12.84687500	4.3200	42.7500	2.7200
17.35010100	-21.11293300	4.3900	262.0100	-204.7400
17.36653100	-67.77066800	4.7600	-37.1000	-7.7800
17.36682700	-24.99954500	3.2700	-8.8400	-23.6400
17.39470800	37.14594600	4.1500	-38.5800	9.1900
17.42166500	-55.52988400	2.8400	-8.2300	-24.7100
17.42323900	-56.37772700	3.3100	-0.7700	-15.8500
17.43950400	-24.17530900	4.1600	-1.9700	-117.6900
17.44191100	4.14036000	4.3400	1.2500	7.0900
17.44385600	-5.08659600	4.5300	-91.5300	-42.7500
17.45590900	-29.86703300	4.2800	14.3800	-137.4100
17.50721300	52.30138700	2.7900	-15.5900	11.5700
17.51230800	26.11064500	4.4100	18.3900	16.7800
17.51273200	-37.29581100	2.7000	-4.1900	-29.1400
17.51831800	-60.68384800	3.6000	-53.6500	-99.3700
17.52359800	-23.96264300	4.7800	4.9100	-25.9000
17.53069500	-49.87614500	2.8400	-31.2700	-67.1500
17.53625100	55.18424300	4.8900	148.5300	54.2400
17.53691800	86.58646000	4.3500	10.5400	53.9700
17.53776700	55.17295800	4.8600	143.7100	62.4600
17.56014500	-37.10382100	1.6200	-8.9000	-29.9500
17.58224100	12.56003500	2.0800	110.0800	-222.6100
17.59433200	-46.50568400	4.5600	-25.1300	-38.3200
17.60912100	-38.63530800	4.2600	-18.4700	-182.2900
17.61585900	68.75797000	4.7700	1.3400	321.0500
17.62198000	-42.99782400	1.8600	6.0600	-0.9500
17.62644500	-15.39855700	3.5400	-39.3000	-61.2700
17.63075400	-8.11877100	4.5800	-11.7000	-20.3800
17.65774700	46.00633200	3.8200	-7.1700	3.9700
17.67327600	-49.41558700	4.7600	104.2800	-177.6700
17.69024300	-12.87530700	4.2400	-72.1600	-55.2200
17.69897800	72.14884300	4.5700	26.6000	-269.7700
17.70813200	-39.02998300	2.3900	-6.4900	-25.5500
17.72383300	-21.68319400	4.8600	-97.9300	-44.5700
17.72454300	4.56730300	2.7600	-40.6700	158.8000
17.76222100	-64.72387100	3.6100	-11.0800	-56.3700
17.77431900	27.72067600	3.4200	-291.4200	-750.0000
17.79267400	-27.83078800	4.5300	-3.6200	-10.6700
17.79307800	-40.12699700	2.9900	0.4400	-6.4000
17.79821100	2.70727600	3.7500	-23.1500	-75.1200
17.81957700	-31.70320300	4.7900	4.2200	-7.8900
17.83096500	-37.04330400	3.1900	42.0900	27.7700
17.83642000	-40.09043500	4.7800	3.6300	-2.7300
17.89213400	56.87264300	3.7300	93.6500	78.4400
17.93755000	37.25053900	3.8600	2.7400	7.2400
17.94343700	51.48889500	2.2400	-8.5200	-23.0500
17.94650700	-44.34224600	4.8500	-3.1900	-19.5000
17.96274400	29.24788000	3.7000	82.3300	-18.7300
17.96327900	-41.71629500	4.8800	-1.7100	-15.1400
17.97504100	30.18927700	4.4100	-0.4800	3.2300
17.98377500	-9.77363200	3.3200	-10.3100	-116.1200
17.98480000	-30.25302500	5.0000	2.5100	-8.3000
17.99654300	-23.81613300	4.7400	-5.4000	-50.3000
18.00094900	16.75091900	4.6700	-7.5300	-10.6100
18.00438800	4.36861500	4.7900	1.7800	-12.9500
18.00805800	-3.69026900	4.6200	154.1700	-44.4300
18.01075400	2.93156800	3.9300	0.4100	-8.2200
18.02511300	21.59578200	4.2600	7.5500	38.7900
18.02922200	1.30507600	4.4200	15.4300	-13.6100
18.05136700	-8.18034900	4.7700	15.1100	-37.6100
18.08367400	-29.58008700	4.6600	4.0300	-4.6100
18.09091300	2.50009900	4.0300	124.5600	-962.6600
18.09680300	-30.42409100	2.9800	-55.7500	-181.5300
18.10052800	22.21887900	4.9600	-13.3300	-5.2600
18.11052000	-50.09147700	3.6500	-8.4300	-9.2600
18.11385800	-43.42521600	4.9200	9.4900	-104.7200
18.12176700	8.73386700	4.6400	9.7900	30.2400
18.12249600	9.56384700	3.7100	-61.6000	79.7100
18.12465000	43.46189100	5.0000	1.9400	-58.0000
18.12570800	28.76248800	3.8400	-0.1700	7.5100
18.13471600	-28.45709300	4.5500	24.7700	-31.5900
18.14300000	-63.66855300	4.3300	17.4500	-207.6400
18.14597000	20.81455700	4.3700	-2.7100	-6.2000
18.18715700	-45.95441800	4.5200	-16.2800	-37.2600
18.19537000	-23.70123500	4.9600	7.8200	-27.7500
18.19837700	31.40535000	4.9600	-14.4600	25.2100
18.22939200	-21.05883400	3.8400	1.7200	-1.3900
18.23154500	64.39728700	4.9900	351.6200	36.0500
18.29379300	-36.76168600	3.1000	-129.2700	-166.6100
18.30088600	-27.04264100	4.6600	4.4800	-2.7600
18.33103100	36.06454700	4.3300	-16.1400	41.3200
18.33830900	21.96129700	4.9200	17.5100	-59.2900
18.34595500	71.33781400	4.2200	-5.9100	35.7900
18.34779500	3.37716500	4.8500	1.7100	8.4500
18.34990000	-29.82810300	2.7200	29.9600	-26.3800
18.35073600	72.73284300	3.5500	531.0800	-351.5900
18.35516700	-2.89882500	3.2300	-547.5700	-700.7200
18.38711700	-61.49390100	4.3500	0.5300	1.7000
18.39432900	-8.93438300	4.6600	51.8900	52.2900
18.39496700	21.76975200	3.8500	195.5400	-242.9200
18.39850700	58.80073600	4.9800	-37.6400	62.0800
18.40286800	-34.38461600	1.7900	-39.6100	-124.0500
18.42251100	-20.54167900	4.8100	8.2600	-28.7200
18.43306900	65.56348000	4.8200	106.5200	-27.0700
18.44956100	-45.96845900	3.4900	-16.6800	-53.3300
18.46617900	-25.42170000	2.8200	-44.8100	-186.2900
18.48050500	-49.07058800	4.1000	137.9000	-229.1400
18.48662600	-14.56581300	4.6700	3.0700	-3.4800
18.52289600	-62.27830200	4.6300	-0.9600	-45.5900
18.52928700	-45.91481400	4.9200	-3.7700	-28.8000
18.54292300	57.04559900	4.7700	0.3200	-7.0900
18.55838300	-42.31251000	4.6200	32.4800	-21.0300
18.58678500	-8.24407300	3.8500	-18.9800	-314.6300
18.61564000	38.78369200	0.0300	201.0200	287.4600
18.70456300	-9.05254900	4.7000	7.8700	2.0200
18.71726000	-71.42811300	4.0100	1.2500	-158.2900
18.72534800	-8.27521500	4.8800	21.2900	11.5800
18.73871100	-35.64198700	4.8600	1.2100	-26.9800
18.73898400	39.67012300	4.6700	10.5500	60.2300
18.73966100	39.61272100	4.5900	5.8300	51.8300
18.74620900	37.60511500	4.3400	29.2600	26.5700
18.75746500	-64.87125900	4.7800	32.6700	-148.7200
18.76094000	-26.99077800	3.1700	51.1500	0.4500
18.76103500	20.54630800	4.1900	-9.2500	-335.6500
18.76791100	26.66213000	4.8300	18.6800	24.3900
18.78368600	18.18151900	4.3400	83.7400	119.0100
18.78624200	-4.74786700	4.2200	-7.7100	-15.8900
18.83466500	33.36266700	3.5200	1.1000	-4.4600
18.85334800	59.38835100	4.6300	77.5600	25.4300
18.87028800	-62.18759300	4.2200	-1.3300	-13.5300
18.88709600	50.70822100	4.9200	4.5400	-27.7500
18.90282700	-22.74483400	4.8600	2.9500	-5.7000
18.90661000	71.29719200	4.8200	48.5900	42.1100
18.90841200	36.89861300	4.2200	-6.7300	3.2600
18.91246800	22.64507600	4.5700	6.4000	1.0300
18.91864900	-22.67132800	5.0000	110.3400	-30.7900
18.92109000	-26.29672200	2.0500	13.8700	-52.6500
18.92224900	43.94608800	4.0800	19.9400	80.6000
18.93699500	4.20359500	4.6200	37.6900	26.9800
18.93740100	4.20213200	4.9800	52.4200	31.1700
18.94917700	-67.23349500	4.4000	-7.8300	16.6500
18.95101900	-5.84631400	4.8300	60.7700	-40.9000
18.96216700	-21.10665400	3.5200	34.9100	-12.3300
18.97437800	-52.93862900	4.8500	11.5300	-8.8100
18.97872100	-37.10735700	4.8300	-132.2500	-110.4500
18.98239500	32.68955700	3.2500	-2.7600	1.7700
18.99371100	15.06829800	4.0200	-52.6800	-73.8100
19.00022900	32.14551400	4.9400	6.1300	9.7500
19.02399100	46.93481200	5.0000	13.5800	-86.1000
19.02800800	-5.73911500	4.0200	-24.1500	-39.7300
19.04353200	-29.88010500	2.6000	-14.1000	3.6600
19.05190700	-42.09510500	4.7400	55.7400	-45.3300
19.07805000	-21.74149600	3.7600	76.2600	-58.0800
19.09016900	13.86347800	2.9900	-7.0400	-95.3100
19.10415000	-4.88255400	3.4300	-19.6800	-90.3700
19.10697100	-37.06343700	4.2300	96.9300	-279.6700
19.11567000	-27.67042300	3.3200	-50.7900	-250.5100
19.13915600	-40.49670300	4.5700	48.0500	-26.8400
19.15786900	-37.90447400	4.1100	85.7300	-96.6500
19.16273100	-21.02361500	2.8800	-1.1700	-36.8300
19.16715400	-39.34079600	4.1000	5.8900	-36.7800
19.20922500	67.66154100	3.0700	94.4900	92.3000
19.22930200	39.14596800	4.4300	-1.5900	-0.6100
19.23198700	57.70510200	5.0000	-17.1000	-63.1500
19.25900700	-25.25668200	4.8600	47.5600	-31.1600
19.25922900	73.35546800	4.4500	-116.6000	104.2500
19.27028900	21.39042800	4.7600	0.7300	-6.1200
19.27280400	38.13373100	4.3500	-0.4900	1.2300
19.28504000	53.36845900	3.8000	60.2200	122.9300
19.29391100	-18.95290800	4.8800	-10.0500	-10.6400
19.34247300	-5.41576600	4.9800	113.4200	44.8300
19.34446700	65.71453100	4.6000	14.0900	41.6100
19.36121100	-17.84719700	3.9200	-26.9500	22.2400
19.36211700	-15.95501800	4.5200	1.7900	-6.2700
19.37730300	-44.45896500	3.9600	7.3100	-22.4300
19.38697600	-44.79977800	4.2700	92.7800	-53.7300
19.39810300	-40.61594000	3.9600	32.6700	-120.8100
19.40210500	29.62133800	4.9900	10.5700	10.8500
19.42497200	3.11477500	3.3600	253.0600	80.6700
19.44196900	0.33857000	4.6400	-0.8600	-2.3000
19.47842700	24.66490500	4.4400	-126.4500	-106.9900
19.49509800	51.72977900	3.7600	20.9200	128.1200
19.51202300	27.95968100	3.0500	-7.0900	-5.6300
19.52953400	34.45296800	4.7400	1.0600	-3.5800
19.53914900	69.66117500	4.6700	598.4300	-1738.8100
19.56815300	7.37894100	4.4500	212.7600	-155.3900
19.57636000	19.77340300	5.0000	13.4100	2.2200
19.58694200	-48.09920200	4.8800	-7.0400	-37.4300
19.60737200	50.22110300	4.4900	-8.1500	262.9800
19.61178600	-24.88362300	4.5900	68.7000	-23.1900
19.61202200	-1.28660100	4.3600	1.8900	-20.7500
19.61484700	-7.02747700	4.9300	1.2900	-2.6900
19.65627900	30.15332100	4.6800	1.9500	36.0700
19.66827500	18.01389000	4.3900	15.0900	-19.7200
19.68415000	17.47604100	4.3900	9.0600	-33.9000
19.73794300	37.35435500	4.8900	72.5800	35.1400
19.74957400	45.13081000	2.8600	43.2200	48.4400
19.77099400	10.61326100	2.7200	15.7200	-3.0800
19.77270700	-19.76111300	4.8700	-128.8900	-89.8100
19.77377700	33.72759800	5.0000	23.0500	-448.6600
19.78979500	18.53428600	3.6800	-4.5800	11.1000
19.80285000	70.26793000	3.8400	80.1800	39.0200
19.84638800	8.86832200	0.7600	536.8200	385.5400
19.85114100	22.61004600	4.9000	23.3500	-16.6500
19.87454700	1.00566100	3.8700	6.9400	-7.3000
19.89102600	24.07961400	4.5700	22.7800	36.2900
19.90413400	8.46145300	4.7100	101.4300	-81.2800
19.92102600	-41.86828800	4.1200	23.3700	51.6000
19.92188700	6.40676300	3.7100	46.3500	-481.3200
19.92716700	52.43894800	4.9100	-36.6200	-31.0200
19.93065100	-26.29950600	4.7000	203.9600	74.4000
19.93104500	38.48670500	4.9500	1.4600	0.6000
19.93205100	58.84596900	4.9800	-9.0000	-20.8600
19.93843800	35.08342400	3.8900	-34.0000	-27.6000
19.94912000	-27.16989900	4.5400	9.6000	-14.9500
19.97928500	19.49214800	3.5100	64.3700	22.5800
19.98255500	-26.19576700	4.8400	34.5000	24.7400
19.99560500	-35.27630500	4.3700	6.0200	-25.1500
20.00984500	-72.91050400	3.9700	80.5400	-131.3400
20.01834600	27.75357300	4.6600	57.9900	3.7600
20.02909300	-59.37589300	4.9500	19.7300	-26.8900
20.04429900	-27.70984500	4.4300	32.2800	14.3500
20.04696000	67.87356500	4.5100	16.4300	47.8000
20.05929100	-37.94069900	4.7700	64.7100	-85.4400
20.07210800	-32.05629600	4.9900	43.0100	-10.7800
20.12310000	-52.88079300	4.9300	-12.7200	6.8800
20.14515700	-66.18206800	3.5500	1210.2900	-1130.3400
20.14814500	77.71141900	4.3800	11.1100	23.7200
20.15711600	36.83962100	4.9300	3.1500	12.9600
20.18841300	-0.82146100	3.2400	35.4800	6.0500
20.22168000	46.81567500	4.8000	13.3900	1.9300
20.22328800	56.56772200	4.2800	60.8500	82.2600
20.22719600	46.74132900	3.8000	4.2000	1.8700
20.23794900	15.19760900	4.9400	55.6900	57.9800
20.24222900	36.80630200	4.9300	69.2200	68.6700
20.25441500	25.59195700	4.7900	6.9000	-5.0200
20.25786700	47.71420800	3.9600	3.8800	1.2000
20.26281600	27.81424200	4.5000	-34.3700	5.7700
20.29413000	-12.50821200	4.3000	22.2400	0.7500
20.29644500	38.03293000	4.7700	-3.5300	-6.8800
20.30090400	-12.54485200	3.5800	61.7800	2.8500
20.34439300	-12.75908000	4.7700	15.7100	-14.6300
20.35018700	-14.78136700	3.0500	48.4200	14.0000
20.37047300	40.25667900	2.2300	2.4300	-0.9300
20.39767100	32.19017200	4.4300	35.7100	-5.8100
20.42745900	-56.73509000	1.9400	7.7100	-86.1500
20.48100400	-17.81368700	4.7700	-15.7900	-7.6600
20.48992600	30.36855500	4.0100	6.8700	-0.6400
20.49301500	62.99410500	4.2100	45.0000	-13.3100
20.49416700	-2.88553100	4.9100	71.8800	-22.3900
20.50098300	48.95156900	4.9400	10.0100	7.6400
20.55354700	11.30326300	4.0300	10.7500	-28.5400
20.56505200	35.25085200	4.6100	-2.2600	-5.3500
20.58848200	14.67421300	4.6400	45.0800	11.7100
20.59300300	-60.58174900	4.7500	70.1500	-185.5800
20.61212000	-2.54995700	4.9100	9.0900	-16.0500
20.62581600	14.59508700	3.6400	118.2800	-47.6500
20.62611600	-47.29150200	3.1100	49.2000	66.0700
20.62646500	-61.52991800	4.8600	59.1500	-71.7000
20.63896700	-1.10512100	4.3100	15.6600	-17.0100
20.64203800	21.20117400	4.8100	74.3800	-2.4800
20.66063500	15.91207200	3.7700	54.1400	7.9100
20.69053200	45.28033800	1.2500	1.5600	1.5500
20.72431500	15.07458100	4.4300	-19.6100	-41.7400
20.73396600	-51.92097100	4.5100	155.4900	-53.6400
20.74791900	25.27061700	4.9200	-27.7400	-177.6000
20.74931400	-66.20321200	3.4200	-42.4000	10.5700
20.75481100	61.83878200	3.4100	86.0800	817.8900
20.75587800	57.57972500	4.5200	-62.9500	-235.5600
20.76104300	30.71971500	4.2200	-8.0100	24.0400
20.76826000	-25.27089800	4.1300	-51.3800	-156.6600
20.77017800	33.97025600	2.4800	356.1600	330.2800
20.77764000	16.12429600	4.2700	-25.8800	-196.2700
20.78631900	34.37412300	4.9300	39.2600	8.2400
20.79014900	36.49071700	4.5300	14.9300	-8.2000
20.79459800	-9.49577600	3.7800	31.8900	-35.3200
20.79562100	-5.02770100	4.4300	-3.3000	-40.2400
20.81563700	46.11413400	4.8100	-2.9200	-2.6200
20.82470900	-46.22682600	4.9000	37.8500	27.2800
20.83280000	-33.77972200	4.8900	3.7100	-20.1900
20.86369200	-26.91913300	4.1200	-7.9700	-2.5400
20.86880100	27.09697900	4.5600	-72.3300	-60.9500
20.87756500	-8.98331800	4.7300	47.0600	-32.9100
20.88743100	44.38726000	4.8000	11.2700	-2.4400
20.91349800	-58.45415500	3.6700	21.0600	-24.7500
20.95289300	41.16713600	3.9400	8.5100	-23.9700
20.99709800	47.52095100	4.7400	7.2500	2.4700
21.02151700	-32.25776700	4.6700	-2.0900	-0.1900
21.07341700	-19.85499100	4.8200	-39.0100	-24.4500
21.08218400	43.92785200	3.7200	8.6000	0.3500
21.09911800	-17.23286100	4.0800	79.6400	-61.6400
21.11002600	47.64840300	4.5600	6.5100	-0.9900
21.11879700	-25.00585300	4.4900	-27.1900	-43.3700
21.15990200	-11.37169300	4.5000	92.3100	-15.7600
21.17236100	10.13157900	4.7000	49.0700	-151.8500
21.21560700	30.22691600	3.2100	6.8700	-68.1200
21.24133700	10.00698100	4.4700	42.3200	-303.4300
21.24651700	38.04531700	3.7400	195.7400	410.0200
21.26373100	5.24784500	3.9200	59.6300	-94.3300
21.29026500	39.39468100	4.2200	0.4300	-3.6100
21.29863200	34.89689800	4.4100	11.9600	6.8500
21.29896600	-32.17253900	4.7100	55.4600	-22.1200
21.30963000	62.58557300	2.4500	149.9100	48.2700
21.33109600	-53.44942700	4.3900	107.3700	-67.1200
21.34600800	-40.80946500	4.8000	76.1800	17.6600
21.36811000	19.80450800	4.0800	105.9400	62.6100
21.37077600	-16.83454200	4.2800	30.8300	5.2600
21.44070500	-65.36619800	4.2100	81.0800	800.6800
21.44445200	-22.41133200	3.7700	-2.6100	18.8800
21.47766200	70.56071600	3.2300	12.6000	8.7300
21.47872100	-21.80718000	4.5000	133.9700	-5.4700
21.49913700	23.63883800	4.5200	24.3900	3.5200
21.52598200	-5.57117200	2.9000	22.7900	-6.7000
21.56635000	45.59183700	3.9800	-24.4800	-93.8800
21.57959600	38.53405400	4.8700	116.8000	93.3000
21.61800800	-19.46601100	4.5100	13.4800	0.8100
21.62919700	-7.85420100	4.6800	114.2900	-24.4400
21.63200700	62.08194000	4.7600	-1.9000	-2.8400
21.66818100	-16.66230800	3.6900	187.3900	-22.3300
21.69125300	-77.39004600	3.7300	64.8300	-240.3800
21.69865200	71.31141700	4.5500	119.4800	94.4900
21.70157300	51.18962200	4.6900	5.2500	-2.1100
21.71097300	-18.86632300	4.7200	145.9000	-9.0500
21.72512700	58.78004600	4.2300	5.2400	-2.8800
21.73571000	28.74263200	4.4900	260.3300	-242.7300
21.73643300	9.87501100	2.3800	30.0200	1.3800
21.74186000	17.35001700	4.3400	7.9000	-10.7500
21.74409200	25.64503600	4.1400	46.6600	13.4700
21.74911300	-33.02578100	4.3500	31.7900	-94.0000
21.75748000	61.12080600	4.2500	-3.0800	-1.8600
21.77989100	49.30957000	4.2300	3.6100	-1.8600
21.78401100	-16.12728600	2.8500	263.2600	-296.2300
21.89880800	-37.36485200	3.0000	95.8800	-12.1000
21.96529300	-54.99257500	4.4000	43.0000	-3.6700
22.05548600	-56.78597700	4.6900	3959.9700	-2538.8400
22.05523400	-2.15536300	4.7400	24.8100	-11.1400
22.06313500	64.62797100	4.2600	214.4600	89.2900
22.09465300	5.05853000	4.8600	101.6000	101.1900
22.09639900	-0.31985100	2.9500	17.9000	-9.9300
22.10191400	-39.54335300	4.4700	-24.1600	-125.1700
22.10728600	-13.86967900	4.2900	40.4500	-57.1600
22.11684700	25.34511200	3.7700	296.7300	26.9300
22.13720900	-46.96097500	1.7300	127.6000	-147.9100
22.13972200	-32.98846800	4.5000	80.0500	-28.8800
22.14053700	-34.04384100	4.9900	5.9800	-49.3700
22.16344100	72.34120700	4.7900	33.3900	3.0900
22.16645700	33.17822400	4.2800	-12.3400	-17.9400
22.16909300	-32.54840700	4.9400	428.6200	13.8300
22.16999600	6.19786500	3.5200	281.9600	31.2300
22.18090800	58.20126100	3.3900	13.3500	4.4900
22.23131200	39.71492700	4.5000	37.6500	15.5500
22.25054400	57.04358700	4.1800	476.4500	50.0000
22.26025300	-41.34670000	4.7900	46.0400	20.4500
22.26616000	37.74873700	4.1400	8.7400	0.7600
22.28056500	-7.78329000	4.1700	118.9500	-21.9100
22.30837100	-60.25958700	2.8700	-71.4800	-38.1500
22.35042800	46.53656900	4.5500	21.7200	1.9200
22.35537200	28.33052900	4.7800	17.4200	5.6000
22.35863200	12.20518600	4.8200	6.2100	5.5400
22.36093800	-1.38733100	3.8600	129.2400	8.9000
22.39267500	52.22904600	4.4200	-13.5600	-186.3700
22.40860900	49.47639200	4.5500	-5.1200	-3.3700
22.42128400	1.37740100	4.8000	18.3800	3.3500
22.45553100	-64.96635400	4.5100	68.6800	10.2100
22.46431200	4.69566400	4.7800	77.2900	-307.3600
22.48053100	-0.01997200	3.6500	191.3200	37.4700
22.48618300	58.41519800	4.0700	16.4700	3.5500
22.48782500	-43.49556500	3.9700	25.6200	-4.2300
22.49217300	47.70688700	4.3400	-0.6000	-3.3700
22.49595500	-43.74922400	4.1200	-14.9300	1.7900
22.50812800	43.12337600	4.5200	-2.0500	-5.7600
22.51078200	-10.67795000	4.8200	1.7900	-26.2600
22.52151500	50.28249100	3.7600	137.2200	17.1500
22.52509000	-32.34607300	4.2900	59.6400	-18.7000
22.55001000	-61.98212200	4.9100	40.8200	-20.1400
22.58927200	-0.11749800	4.0400	88.5600	-56.1000
22.62289900	51.54512300	4.6400	-51.3100	-103.3400
22.65435500	39.05026900	4.8900	-0.2900	-5.7000
22.67523300	44.27630500	4.5000	94.1800	10.0000
22.67759400	-27.04361700	4.1800	22.0100	-0.8800
22.69103300	10.83136400	3.4100	77.3800	-10.9800
22.69594700	29.30764100	4.8000	-2.0300	-19.9600
22.71111500	-46.88457700	2.0700	135.6800	-4.5100
22.71670400	30.22124500	2.9300	13.1100	-26.1100
22.72499300	-41.41434700	4.8400	10.2300	-93.9500
22.72645400	-18.83037500	4.6800	-31.4000	-28.0200
22.76051900	-53.50012100	4.8400	30.6200	17.3400
22.76769200	-81.38161500	4.1300	-55.3500	0.8800
22.77552100	23.56565400	3.9700	56.9900	-10.4600
22.77821600	12.17288800	4.2000	233.0600	-492.0400
22.79137800	83.15383000	4.7700	23.6500	47.2100
22.80923900	-51.31686400	3.4900	108.4700	-65.9300
22.82652800	-13.59263200	4.0500	-12.5800	-38.8000
22.82802000	66.20040800	3.5000	-66.1000	-124.7400
22.83338500	24.60157900	3.5100	144.1100	-43.4400
22.86722500	43.31241700	4.9500	109.3600	21.5400
22.87542700	-32.87550400	4.4600	-33.3200	-22.1500
22.87691000	-7.57959900	3.7300	19.5100	32.7100
22.90678900	84.34617700	4.7000	98.4500	23.8900
22.91083700	-15.82082000	3.2700	-44.0800	-24.8100
22.92046400	8.81616600	4.9100	81.8800	29.0300
22.93247200	-32.53962800	4.2000	10.8400	30.3200
22.94055500	49.73354400	4.9900	0.0500	-2.8700
22.96083800	-29.62223600	1.1700	329.2200	-164.2200
23.01467700	-52.75413700	4.1100	-65.0900	-12.9100
23.03201700	42.32597900	3.6200	22.4700	0.2400
23.06290100	28.08278900	2.4400	187.7600	137.6100
23.06461500	3.82004500	4.4800	12.8600	-10.1300
23.06970200	50.05209100	4.6400	166.7000	167.3000
23.07934800	15.20526400	2.4900	61.1000	-42.5600
23.11022600	59.41976000	4.8400	6.7700	-1.9700
23.11134500	-23.74311500	4.4800	59.9000	0.5300
23.11465000	-43.52035800	4.2800	-48.3500	-13.9800
23.11673900	9.40949200	4.5400	6.7300	-12.7600
23.11853900	25.46825900	4.7600	0.2600	-33.3100
23.13162300	75.38749600	4.4100	5.7400	-35.1000
23.15744300	-21.17241000	3.6800	55.9900	31.2500
23.16524900	-22.45761100	4.7100	35.9200	-7.7900
23.17264000	-45.24671100	3.8800	132.4200	-26.2700
23.20916000	49.40620700	4.5300	89.7800	95.5700
23.23871100	-6.04900300	4.2200	46.2200	-195.8500
23.26485900	-9.08773700	4.2400	368.5600	-17.0200
23.28081700	-7.72650400	4.9300	-18.6600	-15.4300
23.28609400	3.28228900	3.7000	760.3500	17.9600
23.29049800	-58.23573400	3.9900	-34.9300	79.5900
23.29573200	49.01530000	4.8200	34.4800	6.7400
23.29839300	-9.18251300	4.4100	19.6300	-9.6400
23.31040000	68.11144500	4.7500	54.8800	10.9100
23.31373300	-32.53202700	4.4100	19.6500	-78.5700
23.31602100	-9.61075000	4.9900	43.4700	-7.8000
23.34395600	23.74033700	4.5800	30.4800	-9.1400
23.38284200	-20.10058000	3.9600	-120.2700	-96.7000
23.41395900	62.28280600	4.9600	12.2400	-13.2500
23.42299300	23.40410100	4.4200	193.1200	36.4700
23.43410800	-20.64201400	4.3800	-50.1300	-62.9700
23.44887600	1.25560800	4.9500	85.6000	-94.4300
23.46613800	6.37899200	4.2700	-123.8300	-43.2600
23.48591500	12.76055400	4.5400	59.6200	25.1800
23.50053600	58.54892000	4.8900	18.6700	4.2200
23.54951200	-37.81826800	4.3800	96.3900	37.5800
23.55461800	-20.91450400	4.7000	-2.5500	8.6400
23.56588400	31.32527700	4.9700	50.2200	-18.4500
23.58459900	-42.61507500	4.6900	42.1800	10.7800
23.62605600	46.45815200	3.8100	159.2200	-421.4600
23.63082700	-45.49235100	4.7400	71.3600	-12.3400
23.63561000	43.26807300	4.2900	27.7200	-1.2100
23.65582000	77.63227600	3.2100	-48.8500	127.1800
23.66307400	-14.22217800	4.9700	51.8000	-55.5800
23.66584400	5.62629200	4.1300	376.3200	-437.0000
23.67346900	44.33393200	4.1500	81.3300	-18.9600
23.69605700	-17.81653300	4.8200	13.9300	0.1100
23.70077900	1.78004100	4.4900	-129.5500	-154.8700
23.71203900	-14.54490500	4.4900	98.3500	-66.7800
23.73318900	29.36145400	4.9300	71.4400	-40.7800
23.76723400	46.42027600	4.9700	9.0500	-6.2500
23.77319900	3.48681100	4.9500	-35.0000	-25.0000
23.78428400	58.65198900	4.8800	60.7000	56.6900
23.81542700	-28.13026800	4.5900	100.0300	-104.0400
23.90639800	57.49938200	4.5100	-4.5400	-3.4500
23.95972700	-64.29823100	5.0000	78.8600	-61.1000
23.96264700	25.14140100	4.6300	-36.0600	-32.2500
23.97788300	-3.55598300	4.8800	-56.5200	-72.3400
23.98348200	55.75492800	4.8800	9.2600	-5.0900
23.98852500	6.86332100	4.0300	148.4900	-112.1600
23.99859400	-65.57713200	4.4900	48.6300	-22.3300
5.27792600	46.00084200	0.9600	80.5700	-422.3800
7.57682700	31.89052000	2.8500	-162.6900	-98.1400
8.74494000	-54.70807400	5.0000	21.2400	-77.1300
9.51176400	-40.46562200	4.6500	-187.8200	68.7300
11.30311800	31.52878300	4.3300	-425.2400	-581.0100
11.30311800	31.52878300	4.8000	-425.2400	-581.0100
12.69417100	-1.44923500	3.5200	-559.9600	6.8400
13.39899600	54.92047100	3.9500	105.7400	-30.3200
16.07277400	-11.37461100	4.8400	-61.6300	-33.1900
16.07277400	-11.37461100	5.0000	-61.6300	-33.1900
17.17278300	-15.72692100	3.4000	36.8100	92.9800
19.10684700	-37.06474000	5.0000	91.6200	-264.5800
